client1,bftb1,PlpjqucGLs77bPb3VYHjnytRmtB7IBEvQTzQMBB0puv4U7Zy1j9/FdUI9GU3frI/my+lEyRc4BWxNWEm4u+5Pv9MXGj5ioUfZ/PAlXc2rXNT72UZNhehnvmVbD0Fq9Wh6WI87Qfx7A2rLBieSEN8rwVoM608cRg4Wx7i4fEVKotpKAT0g/B+vIDhuQe/n9uoT6CwtimexiWEpkIefIqpbv6AihtnOHPTKmLml8+WyUEVZWQr30IP419/+G+CwvvI5VWIEWY/mLeNmyhQazT0HssLwr9RKtg8PyP0LRYBCUXS26rtIVVLLTif5Lwgpcl/22zCEZVszWdkG1efESOXrQ==
bftb1,client1,lmE9VZJ5OV0mpFy8B3+e/azk/+ldyMEC7gJ3DtR2WzhYCo2wMXXxW5jzO7JOTyWJ6/GZR4xx1wjtleBlzzSM6ELC2eIncJh7f6gJ3u6RUZ7YC8JbHeHZ4zCpo8feug8cS4/0oR/A11CdWRojBaJZsSoBQb+4RDGcgps9z56PbyNdRX3AUxtJAWcf/Nuv8UAFKER48BkZvOez5Ty+9muH1SQIbqjhF2w023YzuicTxCPq6EdIMqiIVa2/Dp6Kd3UfQGoaj0KEjk312O/nF5JEciLY+z0wQbZi3UBSWZuC006Uzut1cSgLYAJCG3sm4RGpqOH6jSXPuX+nZFZuv/nCkA==
client1,bftb1,crgOXNTnHBnJ6nGXqAaRElMA3ecGMvFFr1+JBhznjqfPPaBn2YK3pjTBC4emYPlUn3gJQxCYNsF9pfXdFRcpmhn7QnsXFBBBA6x2aEDSXA19EdM1CAnaezBzygdJpPZtbqbHjkddOWJgzxPn27pHMzR96oRtKALaDHp+KqBjm8GRTy/H+/zdmE+a/CEHBEfL+XVA7I4/jXkAHP79Wc6u5U7Gh0eOHdE42KzovJjPtEoyg1kNJEcxhsNZdaeKhXW5YnvcJyf5jAnww4ueASL46Y+s1dxcy6tVUjxyrIxU6aeChCfaFZdylJo2XNLAliv+W5wyhTinBrvwrKIw0mVuWg==
bftb1,client1,I/L2UzhNJFH/wZtKkEh/OXr4P7LkVZrNzi/zvtyytH9isGqtLrrRzQOtA2Y1znlCnk508HCBxp2VpZQGgOJJItlOKh1ZzVRmD7dOVY14K6l4pfmOJ4/THNMHQ5Ay4qOq6i1uZbltToTyqhyzgAltNZ63EFyTeYojU4ex7xpDYHfiG9xBazR6tbbhU+/57moZQrj0wbqUEAlGoipxZNl1DXFUnT34qQJgnHOGuEYqVdNAsgRZzCn9LCACMl+6jMmXFGH+idxBU1oJW70nBCzyDMU6Kf0GshQIrTxBLYr0p6F8tIC9xj2HP4eB4Jxe4vEjscQsCVnI7PHS9I6qC1kCPg==
client1,bftb1,P2M26HIYGUgihs2UZzOUEwdXMIfsJLBRHdud830Vd+xEhm0qoIp/1eoAh+/xj7o6DuKMDG5WZ+no/EXib1EkL3pl4+bfso/wKahuNDx/f/SUFYCBCQOcbfTqU0hpfjUIEpFKwj/26svuJ2QgJ9WcIsPDOuZQzu/qcK6AttHHFhr7pp5ceSvI2MjMRKnkwVAET1yWwqSWimLSYO/840ySIOj7DJaXSJQlbsIX0EOWQWc/ALMGV82cketm/TWUjrtUV84Te8TOcTKabFmusboHsCjRyt+B3yemlHb9x1GGizZR5bxUCdUDSvumN3mMNdcAcMIryeb+8H5x/tWHtGLplg==
bftb1,client1,AAI1kLJByK5DZYi3pkDWYRPVchxfcIeYavkzZSKYKsEulDgp9pDehJTqyV17AlbTlG6wFKKva4T2yl3QfsYR3ABRiXnBXqBoh/t9gGNnp5Vq7bPSu0UAHh8oEDuAT+Vi9mgujXcvLRLomwUFGD7j2N7U/khnbAHyEBnmpn8QopAFqAqZvuL0VROUx0JaIVEcqwndNQVkSWErRQImJomeBDbC3ApFqYc/R5H4SOcRlg2VfI1kU/ahu32LsFraO71ai1dbRyFizRqMb8UdxLyvp8gIAy7+pavw52UTe2zRGU8eiWoe+mIGzop1qSyOr+a3qRXp7HEcgqPDM022m8iHoQ==
<<<<<<< HEAD
client1,bftb1,aNVL3DtirobscpqepdPPA4yDJQx0KOaMevgIcRsaHqEnrja1Z2XL0BjUcdGEzECtEKRmq8Fvdfr6xS6M80ZbxPta68wKSFrEaVV+fG1cqEnL4BdMPxRCnmuAML5QrHYEQtK4QXkPMFM8/N1CxPWplcETG6PgS8X5QHICUDqt8DriDkf0cpUCs7RMm+NWzXd19IX1hYsKhHKocecS5VDWejD1BunnNlEyknhmlEDqCAYXC0hUlGpRcnC1+M90b5IG5UocUQJnclTMTgeMyJ52oVkC/rTgu0T62SAICkEG1RnRjHGK03oBGTRWHbVu86BSl0DZiNqyVBzTRsUiUTL+Xw==
bftb1,client1,MlJSLx2lAjoHmXo0ZaRyhtjnJcJ9/gHgkOye1c10orDlIkDThTBhY3tj9puY5eG1Y54v8vxBNC+MTvMS9A+xZ4uw8LwiH/xnjupQC/4HHerP0PFaGuauHgX71wwt9QMvKziXfpjEiQLeUDMVP93y2zVjnA0CP153hDZNl4+Q1hEbwtxX1q9rZQoFRaWnCPP3iWGI1fbFXdFyxi3gxbo3YxT4JYe0+s8LeAnHr6Fbs2hY76ySUQ7nuD3XpFAUQFWJRY3BbAQDe6V6e8uYvbzHEe+oh72+6iVvozKzU4OwoDNsq41CoJjtbeyITOezgVECUSOE1yHF+TeV8DlHrYTGCA==
client1,bftb1,fO8K/EhZlSRc2aIYh76Bx2TOOJCQ1toILfN+bedS+L6pOmGnPpekNBvD9oH0ye8IWpf4j6CvkvgtfHnwp6poKdE97tGfSSubcRfPi3vRA9iZjVKvlNFzlMjOwSPynsG+uhgWR6rc43wrEQ6Zy8UIrVyfxWaK7kjyJ3CNh9hcca6l/3beWFysMaeU2ffL9JxdbiiiFTr0oTrRm77aAXQgyscuo5ham9BMBybfIxxBY4pBrlhEdz6LlBnBZ8mi/rx5jO2AMfpq1BopNhpZyNw+5zNsAk0SiDPyOSVWK4nZn9C4fwF1FInBnIjxuFtDebQ/MPfH1JNqydoUEN/G4zOEVQ==
bftb1,client1,BqY4+GhB1RnyVy8oqP4ur3zQJcDXiFp+VkGEw86TrSeqVJ2QSEm0CJXMrDzgywFz/MpURo2EUhSPcUnCuNGS/Ci+qkL6HkpQPdYkpUHZmSLzCI/KATD8wRzkPbeLeHCrOfzMUYrtcF2bvC3Yn9cG+tupQ7Vx7Ijz9N1M+m1/bvueUAoH766uypXfbamRzujECc0vwBxnVdJt7LnJYUcf0lFnPT4MJsBT+S4z5hBtJLAzyGW+KTfLRv2kHs7NWRUDQxUy/rZwzO7Y6kIs1285nvAmWjCD9uQiwSqyH0JOjB9x+VAePmsdE0w7+Kev1u4FMYxSjV/asORVEZA+7euBvg==
=======
client2,bftb1,oL0+gI3D8UnK1Dun4kxxosqBTr2nr2OCVTgliSeuzUTLvJQ9RCBbgW1Zu9PxiC/MlSo8PSfe6nPhv27oG1m5EhjfhPR+YSOLvSacideiFFZ9smCjiH8lLUY/jJousY+QICgi0jMpWlX+Y6WaVfp5IU/tdRl41Qlohl3cvKtmgmmngcHytGOIi7IRAkHjdwPIRMlWJ/FcNK+fIKT3G+i65qhwpZmfSkvbw9GJPwc1BMTyjjakTBbrGVQigzJS8piwVj6E3Yr3AaeA57ty63SY3Dwl1oyJjIvb+eRHBrKKWtT7XkOMWC1ZkbtdlDWu1FIeddqXPCs6j1ptc7bj/+Jqbg==
bftb1,client2,xIw0HA2eW3fmMAMNCVaRPmWJdkFoTo9XzM+UDbghTD6ESBNQhQBby5ZngG7tWCled4kVdK3an5DjCnfNNpMOQOmr4O48oqIspSKLCQrJ3V5JtpivJSIh7pd1zZ6Y5Xt2SKPZsO199aRRVgppKDt6VHKHu+T+ZDUGgObJIgNnHB5h3zX57+5dwhYKZhWIXKj4Y2VufyyZbVl6KtRYiQIAmTK5uzTWOgNGBPvZUi+l/BmrnDTqoJ4q1WJc33PFPV38mssoNboK942Yps3fua1qz5TSgWjbapduLFVxtxrPGGImA2i2nfGAflGQZCSCD4IJnh3C1W3GAjF9XUqHpXHqvw==
client2,bftb1,VRNB93Lm43Wq9cnBqspNE742dVnoXD9WgPt4UT9zOeZ9KMARVs8iNUkX3n1CdDgX3pCqA/O4O2ByupqPnFQa0qOcr+nkIBogYQxNLEdYVbnE05if6RMzogZ7fjoV2OoOHUvUr0SyohKVvkxrUrpEuv5lge1fk+PyETPAzKMcai5Mq1+ExOWRx8GvI3IVHYTSfbH6FoKlwTPNNQx4ZASYHmBXIsmZ0vdgkoWnC/S1NXoasjXBtfPlukQX0TNe0F8jbM9U6tPi2Qt2+NkwcO2bV94BcQ6gZtwjP0LawTKMsmZpz0x05Y0zbFf4gacU3H8dMK2kH4x3W828zOy5rTvuGQ==
bftb1,client2,xgf7sc1R1382bGBULKMY8m4obISeJ0VCxfX9F1q/e5Z4WADBN8VxjZNctwTlox9OjVgP1hrWRO1xH6VHs8xlUbF53y+XwC2GtRZYzOwzKz2lYaTr2Qmt/VIVlYYHnHEb6y2T10zLEm/ChvlPfKqirUY5LlVG2fsBpMGwe6d73lNEXdjw8VLY5PB7OxZHPrlntlLPucSfvbQ/l4SKuOUOFF6OT8GgS/odQNfkgtQXW40N9yiYv76V4sfG9kJlMAVrcugsyJHhpd3gAHsEGWHEbzshPnectMqm78I1g455g0UWDxqPyFcyKJoYvMraG0LzXS78GmY2P5+88isptifXMg==
client2,bftb1,F3h98kaA+XOtcHohxW2fYchfwNWzkMXBLjBr3x6vPMIY6euA6KNMz9eJU8Hv3jL43lPxEmQ5gtNFBTOZOesbkoFdRWXuxgXBRqdRtMIruk18UfMQ2zdirX+PvOnnnkHPFnOU9T2zGnnXR1IMCwDT1uFTDfTFWhsw06XGyC35G76NEBvCa9OVbKxhHeA1g8pBUjMa0UzyrGJh3B8jf1qwy6M9FvEyuC3iIk/8SRINN8ZLm+PSvtLY9Z3Jy1k+ATKq5KUL8vGSiD83tlaMoG5qXe5uJxCxgvoCCXvvLU0xYOQZTBIRmXA0M8NCY+q9kBjxKnhQlMjFYsRqet8EskARvA==
bftb1,client2,Bl2Bbk/AHnQz/wLC5Tjs2Ci54EMbTzYNWrwnOEuVwrBBsdnfuQqLwvUyVxYJuPOgXC3mKg5CiEFqbAblCb2E4vxYtqs/7Rkc/ZBPLf9HDHsw/8bquwYaMokfFz20DKoosenLvGiodmil4+kgWMRAcVDpaSnnzNWQ4ePkhZ3fWSZdrkEyWQzgDT3elDV4FLOVRKnOZg5gmHJtUk4S/HO5dGJcJp30qtpjkyEL28bTnD4MbnhAw+S45uVs0kbPSmdqnvhRsvyO3XzUuhgSgytNBdFplUD4Lo/GeZqLtk3ZrtYw/MxZpZXu1ofJIBqjUV9lvb9ARBdkgRowKl10mHm9WA==
client2,bftb1,jY10GhBqlf17zfSY6uhavpo+poUJwOcQ5SLx0IuhfJKxgIoM04kfbwN7Ofmuzlo40MuawChCuv0UCoNeh7vpD58/9WB3RlxqBXPDbiz9mjVZOePGEm/v5UEXTKryoC6E8w0bI6U6In4A5TjvRbafCiqbC3ug/tuTihI7t1uwX3G1I0b/Ekk/jFdb10wnt2v8OMO1DYn/+NskZ74QOfnKqKGzv35tIHlOzA0i2c9wwp8nMSWe1mmxl/4rsbYhfeNXep5HqPNNWs+iN2382gpMS3z3lms/O7LBtH+La7yMffiaIoNdVXXy5FtK6/u6C2TiLKsIclGvQ/GdGvk5UQ1P4Q==
bftb1,client2,AqJbJyE95TrnOtukixt+NYbXiEHMTfy9cRgmHs6Z5ThU/wHOhYffOpMGO4sOpbL9pEgBfbeUbeDwYx6C+VGCN2yc5oNM9yW66VanFPPMm9ypoe5F1NhPgAjeCDvOrF4Z95LfNZJAwiCvJ9akGwSLizTINtaoLu4fdiPSNowW8U81HyZppVlePXyR8BelTry51ZyIrwWuMMYiq1xWCGgQPwOvulA85h4J8UXEqQG1byYugDDhkMLkNDlzLyEX9ngkRaHq0GSLn3EiqDo31SSm/dW3rXxerS4UXnSq9KOgu74xRL8s9QkuWZQPv9pK2W8aVFSBEJlzFPqFx7rzFuk6jA==
client2,bftb1,pSJqH86UUWVXq2KbAf25xx3fVdePhUEhtbIjDaXxiVFDty1TCNqQzWOWfpUSXN/oyncaEHOvSye9+s1BKYZqkqSBvszE8vaEjfqHLk1HcKdfrJo3ljZjq9ZqL3C/vFhZnWcDm4Knw1QUm9r7iuS4tSowd499Yzwgf24C4z7hnpdi+PJD8Sa8P25nSScqccENaJhtxT8nscpFYrpRLqDoOD21PWkK/09UXi7K/AlZCEntCX9qmUEA2qMSrPKhPNptCoFvM4xZadxY3wEt4zoN3VGmKa260wDE3sgj9dWsYhupEr96aMcqk2uK3rYE8EKEQb38FY2PO0vJILzjRBakLQ==
bftb1,client2,u9MnM0yS2Dd0r6d2D5rCUyLUx6lBHxLV9GQ4IJUdT3WJ8owpnlS7JB7qEKL0fbIHl+6tOFjU+qGGi9xY/ljJOiwnuRpZwlYmfWmlnd0Ba5Ti6g4iBlR7XY+myYYy9wxKlkQBRzZ5Dh2nLugMkSgmv1xg6R5gGrctn0gxxJy+tZutVZvEKtqtFfy55O4vU5zhOK8D7nxjHIXKLBY/azW/hENjIg1ZGBUw474p1MzdV6A3H+gwWxJgcy1UVbAIebHxzzndH774vaGQnnQk4W1XirbZHZFSt/ARNuY+8YAno58ffHLKgwHDk69iSSNcbwy2ny5gOND4Z9D8uM5k6nhusg==
client1,bftb1,O5vZi3GpDD0ni3iJjo961IpTG7erQEAZEvWfuPyYqbEIvOR+cpct4USuN51QCEJ5WBy/wD7sv0wu/qV41YM5EEOXlRVu1pWWmHm3cTCxJbsue+6KApBV4HgCIS58we4uNmtDNOXqK0+kgQ3agQAv2KpqKit/zVrN1Hbg+/LK0NzWU+Br5R1yIyiBgkQ9P/fn8sH3PX1N7Mb1phtIKpjbWuz07Ya0xSYVgKP36kbbWTarvcRqpL6r5q9zeau5V9vgLvj/jQsGgdFsbeWvN2yiWE17Zh4poY22SWC0jBXbjqTmjcZ5AxZxKYyuwFuLHkMX+3/qvUlqW8u2omqlRHiLAw==
bftb1,client1,t58mVALCOaNveiNd37EA965lNMh8i81sjP9rvrmKivl6NJkCKrECaICI5Hvw1hgj0jkGYr66hsXRg4vTwTCeeuAuUjpTj8OXoJtnuDqXXJxnLHKlAeYUL4sh3iZRbSQbFdPEa37JvKzTDVLokPY2hfp0ae1/2AC8+LJNOega1RiG6ILqaqzNDqvSpnE0IcaZQSpa8ad+qbNGm2GWzeMKm1N6YMZ+Du7PdN41OfkrhMGEAndM8r5aIGP5uBLGalYqU7fIEz5bXO3g+awOwAn8xXkU+NGup4x8p7x5sHDzGrYw6lArZluXEiJfHAa8KeOFBC8fo8NHwMMMamkDPJkAVA==
client1,bftb1,DTekD+t85d8deqzpxugUvokhZdcbbKUTNA2Y0uTacadzRLoM09S2xNpPpm0O5z1myk79D5TfA9V06sXBuQGWlfV6TPEhCccYnREPdO29gejWCK3XfgQn77ZOGZxuCC1aeRtvTyO8b6Yh4dshMvH5Y856nHzuU4z3wE38kNmPixrzj/v37fx4pftesPPaN5lR+0iSUZRwG5uppYATj2t9oOuqJAAXeqSPv685+f3915ZMzCPaFeZ6E3cNf1OgzNP8NboO3q1ghvx7ub9Azw9+Kf0j2lwc95VaoXQH+yeGA/v2M8Uz+PSS1ycREG2RYB7s1cP5meF0TaLdQADXfAgtsQ==
bftb1,client1,rLNOm6qko6nR1Z2QTSRMFMWT6699Nar2kILYSejOK185dyIUjiNOXQV+rXtuvDNWn1viH4Az23vaM3sQ1HYT9ivMZqOCBci/z1XQFYZ5acO8nqgZi/wx/YCicHtXkdThJGv8L6TQd577JC9FPL2Mmf/ZQF0GA1UurVTlXBJVUYA5MxkqAGcpjjsrw8OV2wK3zh+3RFBpz797zFvOjxUuOVrcz+XJMgxBbQ64icWgFuLBe9NSO9sds6JTcmRRGtazmj4gAo2OQL7uQZRw/5DFa2JuYjZ0lOwACHozBGBke2FGXAQ401Cj0nSwCQ0SwC24jLxHD8fWEfIA8jCUb/665Q==
client1,bftb1,O5vZi3GpDD0ni3iJjo961IpTG7erQEAZEvWfuPyYqbEIvOR+cpct4USuN51QCEJ5WBy/wD7sv0wu/qV41YM5EEOXlRVu1pWWmHm3cTCxJbsue+6KApBV4HgCIS58we4uNmtDNOXqK0+kgQ3agQAv2KpqKit/zVrN1Hbg+/LK0NzWU+Br5R1yIyiBgkQ9P/fn8sH3PX1N7Mb1phtIKpjbWuz07Ya0xSYVgKP36kbbWTarvcRqpL6r5q9zeau5V9vgLvj/jQsGgdFsbeWvN2yiWE17Zh4poY22SWC0jBXbjqTmjcZ5AxZxKYyuwFuLHkMX+3/qvUlqW8u2omqlRHiLAw==
bftb1,client1,t58mVALCOaNveiNd37EA965lNMh8i81sjP9rvrmKivl6NJkCKrECaICI5Hvw1hgj0jkGYr66hsXRg4vTwTCeeuAuUjpTj8OXoJtnuDqXXJxnLHKlAeYUL4sh3iZRbSQbFdPEa37JvKzTDVLokPY2hfp0ae1/2AC8+LJNOega1RiG6ILqaqzNDqvSpnE0IcaZQSpa8ad+qbNGm2GWzeMKm1N6YMZ+Du7PdN41OfkrhMGEAndM8r5aIGP5uBLGalYqU7fIEz5bXO3g+awOwAn8xXkU+NGup4x8p7x5sHDzGrYw6lArZluXEiJfHAa8KeOFBC8fo8NHwMMMamkDPJkAVA==
client1,bftb1,DTekD+t85d8deqzpxugUvokhZdcbbKUTNA2Y0uTacadzRLoM09S2xNpPpm0O5z1myk79D5TfA9V06sXBuQGWlfV6TPEhCccYnREPdO29gejWCK3XfgQn77ZOGZxuCC1aeRtvTyO8b6Yh4dshMvH5Y856nHzuU4z3wE38kNmPixrzj/v37fx4pftesPPaN5lR+0iSUZRwG5uppYATj2t9oOuqJAAXeqSPv685+f3915ZMzCPaFeZ6E3cNf1OgzNP8NboO3q1ghvx7ub9Azw9+Kf0j2lwc95VaoXQH+yeGA/v2M8Uz+PSS1ycREG2RYB7s1cP5meF0TaLdQADXfAgtsQ==
bftb1,client1,rLNOm6qko6nR1Z2QTSRMFMWT6699Nar2kILYSejOK185dyIUjiNOXQV+rXtuvDNWn1viH4Az23vaM3sQ1HYT9ivMZqOCBci/z1XQFYZ5acO8nqgZi/wx/YCicHtXkdThJGv8L6TQd577JC9FPL2Mmf/ZQF0GA1UurVTlXBJVUYA5MxkqAGcpjjsrw8OV2wK3zh+3RFBpz797zFvOjxUuOVrcz+XJMgxBbQ64icWgFuLBe9NSO9sds6JTcmRRGtazmj4gAo2OQL7uQZRw/5DFa2JuYjZ0lOwACHozBGBke2FGXAQ401Cj0nSwCQ0SwC24jLxHD8fWEfIA8jCUb/665Q==
client1,bftb1,O5vZi3GpDD0ni3iJjo961IpTG7erQEAZEvWfuPyYqbEIvOR+cpct4USuN51QCEJ5WBy/wD7sv0wu/qV41YM5EEOXlRVu1pWWmHm3cTCxJbsue+6KApBV4HgCIS58we4uNmtDNOXqK0+kgQ3agQAv2KpqKit/zVrN1Hbg+/LK0NzWU+Br5R1yIyiBgkQ9P/fn8sH3PX1N7Mb1phtIKpjbWuz07Ya0xSYVgKP36kbbWTarvcRqpL6r5q9zeau5V9vgLvj/jQsGgdFsbeWvN2yiWE17Zh4poY22SWC0jBXbjqTmjcZ5AxZxKYyuwFuLHkMX+3/qvUlqW8u2omqlRHiLAw==
bftb1,client1,t58mVALCOaNveiNd37EA965lNMh8i81sjP9rvrmKivl6NJkCKrECaICI5Hvw1hgj0jkGYr66hsXRg4vTwTCeeuAuUjpTj8OXoJtnuDqXXJxnLHKlAeYUL4sh3iZRbSQbFdPEa37JvKzTDVLokPY2hfp0ae1/2AC8+LJNOega1RiG6ILqaqzNDqvSpnE0IcaZQSpa8ad+qbNGm2GWzeMKm1N6YMZ+Du7PdN41OfkrhMGEAndM8r5aIGP5uBLGalYqU7fIEz5bXO3g+awOwAn8xXkU+NGup4x8p7x5sHDzGrYw6lArZluXEiJfHAa8KeOFBC8fo8NHwMMMamkDPJkAVA==
client1,bftb1,DTekD+t85d8deqzpxugUvokhZdcbbKUTNA2Y0uTacadzRLoM09S2xNpPpm0O5z1myk79D5TfA9V06sXBuQGWlfV6TPEhCccYnREPdO29gejWCK3XfgQn77ZOGZxuCC1aeRtvTyO8b6Yh4dshMvH5Y856nHzuU4z3wE38kNmPixrzj/v37fx4pftesPPaN5lR+0iSUZRwG5uppYATj2t9oOuqJAAXeqSPv685+f3915ZMzCPaFeZ6E3cNf1OgzNP8NboO3q1ghvx7ub9Azw9+Kf0j2lwc95VaoXQH+yeGA/v2M8Uz+PSS1ycREG2RYB7s1cP5meF0TaLdQADXfAgtsQ==
bftb1,client1,rLNOm6qko6nR1Z2QTSRMFMWT6699Nar2kILYSejOK185dyIUjiNOXQV+rXtuvDNWn1viH4Az23vaM3sQ1HYT9ivMZqOCBci/z1XQFYZ5acO8nqgZi/wx/YCicHtXkdThJGv8L6TQd577JC9FPL2Mmf/ZQF0GA1UurVTlXBJVUYA5MxkqAGcpjjsrw8OV2wK3zh+3RFBpz797zFvOjxUuOVrcz+XJMgxBbQ64icWgFuLBe9NSO9sds6JTcmRRGtazmj4gAo2OQL7uQZRw/5DFa2JuYjZ0lOwACHozBGBke2FGXAQ401Cj0nSwCQ0SwC24jLxHD8fWEfIA8jCUb/665Q==
>>>>>>> master
client1,bftb1,PlpjqucGLs77bPb3VYHjnytRmtB7IBEvQTzQMBB0puv4U7Zy1j9/FdUI9GU3frI/my+lEyRc4BWxNWEm4u+5Pv9MXGj5ioUfZ/PAlXc2rXNT72UZNhehnvmVbD0Fq9Wh6WI87Qfx7A2rLBieSEN8rwVoM608cRg4Wx7i4fEVKotpKAT0g/B+vIDhuQe/n9uoT6CwtimexiWEpkIefIqpbv6AihtnOHPTKmLml8+WyUEVZWQr30IP419/+G+CwvvI5VWIEWY/mLeNmyhQazT0HssLwr9RKtg8PyP0LRYBCUXS26rtIVVLLTif5Lwgpcl/22zCEZVszWdkG1efESOXrQ==
bftb1,client1,pWKKVzX0eyEV8OgW2tNy8ZKu8cnIiSJ5rP5UC6edm1eCJra/P7hT24ksaaghOwxgL0RS9ArDSvWZSzu+MM7iPi6sBQOA3cxx4qSciwiUObn0KCg9tdxfKlLhyCohg0gr5HdWCo7XOcBq6I+pi0hVwTODqYlCxkTgRRO1hU02lLcAPSdXX6EtcALmoBojVrBGv8oynWPJBQiN+s5Gic6QFebwrk1jdAsNk2RNlxHf3VMdM/J5WEBYt5bKOIK2alHcQOyZ6p924UgC6n+V3Zm7i5wGrI9ldGVxOQCBav2EhDkBSaClW0atfKStb9aSkazmgruPgedohKzrzT0hKLg0XQ==
client2,bftb1,ooToesHWwIEmXR9r2212U6bq9Wy/XcnPz4HSjA1GmASMk3F/z8oSozlavw13a4qwaR/shl0PJ/imf1aOd03uXP+k67bWzhMSXYa6MpTHW3RNXp1/1aOtt2qpmd7OKnN1nb8M3HSM8R47DCYYolhH+wlxE3/vJo6Qi4/k6pwyNL1zcYA2kPi0MKAsOdRYxU26g6gzDkXKqv97NyjcLa0u1fdH3RaZRIcl98XW3DBfIxm/JjeXZ7QtnNL9Yn0U2RBhFD2gF6T+h9Oa99GKR8ZgVc22M4SkPaoU4ztpljb3Sv0pkLGSPaFlrH+o7W5sD8k0kwJxhxnu9m2sGkiQsFaP7w==
bftb1,client2,0dikiiYIuhm3+uv1BCskHDNVnJKO1WYI8F4AreKpKrp3du5zcRiXnB4lBJ+rLeVDJNkLNeWDptA9Tn2GCsb9JT7nOZK/TfbyKitWnecLIp4h7IV82rs3GlIoB3pa4FtqRMz/LDN9xms+iHpu6xkLPlULbAbnDlNZoNuTMASKDoIxLI/cJGj8T/eWYm+P+W/bGEljzTV5/rDjEPnlG7zoZK5nx4gxq27omhZiowcLy0yAorSq/QexT+JQo6V0+uRNUkWDkjBOe2GPsgw85lDz9jzJqUDM5blr2oOVcTfydAVpW06QLjOZRtq0IjuffP3pfNQZWlAeSQHMfyzbfgwZMw==
client1,bftb1,crgOXNTnHBnJ6nGXqAaRElMA3ecGMvFFr1+JBhznjqfPPaBn2YK3pjTBC4emYPlUn3gJQxCYNsF9pfXdFRcpmhn7QnsXFBBBA6x2aEDSXA19EdM1CAnaezBzygdJpPZtbqbHjkddOWJgzxPn27pHMzR96oRtKALaDHp+KqBjm8GRTy/H+/zdmE+a/CEHBEfL+XVA7I4/jXkAHP79Wc6u5U7Gh0eOHdE42KzovJjPtEoyg1kNJEcxhsNZdaeKhXW5YnvcJyf5jAnww4ueASL46Y+s1dxcy6tVUjxyrIxU6aeChCfaFZdylJo2XNLAliv+W5wyhTinBrvwrKIw0mVuWg==
bftb1,client1,AAI1kLJByK5DZYi3pkDWYRPVchxfcIeYavkzZSKYKsEulDgp9pDehJTqyV17AlbTlG6wFKKva4T2yl3QfsYR3ABRiXnBXqBoh/t9gGNnp5Vq7bPSu0UAHh8oEDuAT+Vi9mgujXcvLRLomwUFGD7j2N7U/khnbAHyEBnmpn8QopAFqAqZvuL0VROUx0JaIVEcqwndNQVkSWErRQImJomeBDbC3ApFqYc/R5H4SOcRlg2VfI1kU/ahu32LsFraO71ai1dbRyFizRqMb8UdxLyvp8gIAy7+pavw52UTe2zRGU8eiWoe+mIGzop1qSyOr+a3qRXp7HEcgqPDM022m8iHoQ==
client1,bftb1,P+G7xLLBKPFV2p3HgsDvvpd4K52VCajoCD25ENNmy+2A0mb/cefZMELuAqVlKAtEj8tsV8hYmxu8I5pv7ER6K8Nwy/FYSrwwpE7G+cW4yBNBnBWrkS9OKgIqliON01bFWlVBfmsjtZxzMQRUUUFnBRXFM14S4R73K9TQMrc8KNIN/3/XveJTD+nppsEa2rAgcY56f4MRE8l91ADWX+yC7FaTT2CjNBooi9qnAy5GjrbhaYUmMtvcf6ME+hgCDUJn557wgvm/rHV7G2hqvlTycOAVjd7IzsGeM5qYExEcyIPAb5x4dVOXexQ9JyWTUCxHYcoc43aiX/htcxG0CpcHtw==
bftb1,client1,uxnaYh9tnoXvdpu8D4rtKuaEs66f6YGeOe6h8UP/idyjH0M7F3a3WT43mbCtyTuyqbCDuSqRDH3mahkjyY8cFQwkgP/e4el1atHiuxZvyKxuGILCUD+GX2Yff/sRydbOTnjWx7RwGalZ4vCVSIMo3CCUzpiop3GAdVHY/7Pr5/B/eRH3on98o18MgViH9qGQSVZCZcBOS7eqolSlcH4CuE7Spzv7wZ6wup/HGcYqkrAd57Mao+Tcc3rajOaIH5KwPOO3kfQ0seRsCF7NSFlWKcChOKtC4oWxJMfpag/hNMOZrZg0hvVjo6kLDa+HeMdv0kiu7jcutdHP2UlBG7Dn7A==
