client1,bank,czrdR5kHqNz4kxPYOFdkdDxZxP0l3OI26F+ZCNlTvqCWDqiJHDuxmYgkwVAe1smGIqg3g1zO3VqpE241uKBz1dFSJK2Yn9e6Ye3VcXwBpCeyCH1uXBQepGuiC/a7i4CPvKCqSN5/gPQI5Pf2BrDsVzfDh/HgjceEoXw7jy8V4bGyAs4IFLBBaXXno6wYKbHWEbqQfHpSfT8vK0fDEOY5kHbh7evg3Ln+9i0bchHrpUNnh2zimiiTJl9qD5eXxBwSo8sGad4eQUycBoBqpmDQo6uflwY+1LNILfkgsvYweU0TlC4Mufjb+cVlcUdtbR6uYVzqJucXq2oOizKMetNA2w==
bank,client1,C0SQCT47bPJXeq6iGAbjSYryJtbah7R/czJqweMU7L2l5jUZQrrCXBgxcQf4P6zCJfVz2j+GQX2AvIomMwUnb4UiehtRvLV4Q55IcUUT9EXuxMeu+KfVJn8N9rdLahFgxUoqy0O6gdqcEdSqiKuFGP3G/EEItnYR0cmODNE8mnK4KEsm9M005z82cUnk4tQQD2KlKFh/GNj8L7EAT2wr5WH60KBF2G09u6aBEoyOQ9cTZjR+Mw3GUkEqA43Ln3Z8akn05RPf3PBL3wMkD4wxhn2wWuUel0swpsnAmyOdxzxW9OZUFocOWF4KJyRPhaF0Wt69/L09f8U4mb1uvS3CKQ==
client1,bank,l6aY5alDcYVa21N0Jq4n58Rs8ASlfR7Q8mzHEHzSlfB5oxYKAbKA+x2LbuARG1s5XMmVlW1A9MrPWuphEyjGA7jRHOKkLaj6z0BvV3JOVpcd60V9zvHrItYzAgHDbdRlzGN8B1yJnx1nXFzcOdI94zZisvHclYIPyBRuN2wRclPCfp6NYBg1BqwaRnwp7FZN800Cy721fHNRKijzuK0hPG9QrgX6AN5qyAU7K+rXQF+4zz1YZi7s36fF45TRMhBjEvPkPRE+4hfl6VNrdxg/QfvgJ30oN78Qoy3d/9OfPxnbrUMVyIoJgk1KUAaKHZVonPFIFvyp2IaYXV6vHSysBQ==
bank,client1,Y3DLv0vUlh8wIWlxEtk96g7O4pEjOeZ9MNvLAhEGzNC9yU/8x+n9a6Jo7a7505gCzBrZTkaT01WOiywpkfJQ0jqyE57i0x8XfRs2b0x+RQD8F4mjf9Xow3cb3Fqrvs8D5tJFFqj0DqfKIgIK1k5JpBklnT+ceHc2M1S5avO5ocGcgSDUHwhworCYOI+tAVPSuC0ptHLtDNQcciQGWbDHdi2UR2+4HZiQ1N72AipT9E1GqArH+xtHK1YS7YsXwHh68zcuVVpBmxnuA71AUajeY/UkXz4Fm5iL5Uwj8ru/xrrSho5iF8dUfDVAzFCRWJEryWmdxEeAEaIQU+1PWaeGYA==
client1,bank,pLVUCGVyyEe0pk9N4x03mOg9UcgoJTZCZAs7w0DTpUKA/COHAKV+wXUhqj6AUqb8kSXZ868uGrymlzWCM3XKjZaqXNmzls0giNLuWiobzR4IrcUAzC7+53xt1snpQeVOE1dHbVNAUBz7Connp1NT0r76yAXyW4gdDUt2+uwg5kvp2GN1xCPn8ScdQtzTW+wJAYfYISrSBzBckmGxrnshG1wLam6URbgLzOunK0JXtOlo6bFEhfMmVZ22/f1MfiX10z2ZTxH6LjewWJZn5nU13w7bzEuoqtGx5MaJDB4qQbacI6K6yR526QHUc+4cB1id5JNLAlfJWrbjH518hKXeLQ==
bank,client1,Pkw+KhX/s0esUM1Wk8EYAS4emGE7nsPkubhM5CM0w31u6jWKheg5GDhUg0X1RxS1FkRHeJRrn99ynxR8oO1V3s+IOszBx8aZRd5DPMAGQLodUO1Kr1qjlerFuRpxdQ1DqF/VFtcoOM74PEwWxV4Cx4X3wTDSkqDfDLX7V59V8ngyqvhKUiXWANjbY3sWe0RAhtQVPv9F9efZOz40pd4qYu4a3P/nvNf2sUdhvGgel5Uik3iROHHOYVttyx5LJ7sijW/LeF8xvXrHaHEQ03jJM67HMl32CXCbBh5m3U7rO8WAKYB5U+b+3/nQSilMffqwv9DVb9D2ZYUMY+tk33Mgdw==
client1,bank,czrdR5kHqNz4kxPYOFdkdDxZxP0l3OI26F+ZCNlTvqCWDqiJHDuxmYgkwVAe1smGIqg3g1zO3VqpE241uKBz1dFSJK2Yn9e6Ye3VcXwBpCeyCH1uXBQepGuiC/a7i4CPvKCqSN5/gPQI5Pf2BrDsVzfDh/HgjceEoXw7jy8V4bGyAs4IFLBBaXXno6wYKbHWEbqQfHpSfT8vK0fDEOY5kHbh7evg3Ln+9i0bchHrpUNnh2zimiiTJl9qD5eXxBwSo8sGad4eQUycBoBqpmDQo6uflwY+1LNILfkgsvYweU0TlC4Mufjb+cVlcUdtbR6uYVzqJucXq2oOizKMetNA2w==
bank,client1,YZvKtQiVcpfDOaIZxIiYlrWO9mclWzrcBz+SKT067Fiw8gWXLdsf4F6UXTST+cgtkV6Iy93Imp/LSFHoldBEGwg7XV7urODyVOEiQHq6HJhZLovalb4sL+M8I5Pedjq380MwUsUQhnzrLpEVf+9yAQll21PPeOMh0B27bJKUSUm1ZFh3Dn6c9sX9HJ+eTKTh5KhhOvlsvQ3s9gnr3ItDcW/eXzOVkFBKCkeQ8Q1oheOM/To8+zJh0l0o6AavfhwFcDg54ET4TRNyhkSkb4aQXL8Hg6wyvf7QJ8kzY9R0j5LH4pZbvph1CY/ZdJdTZMVcb83KG9Q+ysFsf45V75rAPg==
client1,bank,l6aY5alDcYVa21N0Jq4n58Rs8ASlfR7Q8mzHEHzSlfB5oxYKAbKA+x2LbuARG1s5XMmVlW1A9MrPWuphEyjGA7jRHOKkLaj6z0BvV3JOVpcd60V9zvHrItYzAgHDbdRlzGN8B1yJnx1nXFzcOdI94zZisvHclYIPyBRuN2wRclPCfp6NYBg1BqwaRnwp7FZN800Cy721fHNRKijzuK0hPG9QrgX6AN5qyAU7K+rXQF+4zz1YZi7s36fF45TRMhBjEvPkPRE+4hfl6VNrdxg/QfvgJ30oN78Qoy3d/9OfPxnbrUMVyIoJgk1KUAaKHZVonPFIFvyp2IaYXV6vHSysBQ==
bank,client1,Y3DLv0vUlh8wIWlxEtk96g7O4pEjOeZ9MNvLAhEGzNC9yU/8x+n9a6Jo7a7505gCzBrZTkaT01WOiywpkfJQ0jqyE57i0x8XfRs2b0x+RQD8F4mjf9Xow3cb3Fqrvs8D5tJFFqj0DqfKIgIK1k5JpBklnT+ceHc2M1S5avO5ocGcgSDUHwhworCYOI+tAVPSuC0ptHLtDNQcciQGWbDHdi2UR2+4HZiQ1N72AipT9E1GqArH+xtHK1YS7YsXwHh68zcuVVpBmxnuA71AUajeY/UkXz4Fm5iL5Uwj8ru/xrrSho5iF8dUfDVAzFCRWJEryWmdxEeAEaIQU+1PWaeGYA==
client1,bank,KMoc4UR5hR9nnr7qG2ROdpuVp1ob/N67gLo/SDfrhI8fsQckygUh5Moa/rxM32xo/Y9n43UzRUr8n01mE6UOGwMxbbjZJjY2AO0TWivMmE99NY9kOlIonE0fIKGURCimyRjt4qsKcg+zBwNg4Wpn46CCq8NbdBHZZPiEGSzYfwQSxn8bCCtc4QHE5qq23evndw3ZAWMVrKAq9SfRKQMAyUuqqCmQtEFoFUgkJ7fN+ncKspN+lY1F5vm8H+1eO7bUtlefljAydyvSYTQXNfI9josMzk7H1blAVixNZsdPpJg0pFEMqJTy6+nMtNRUhSy5l/aaYJoOPm0EVthdYsdqDg==
bank,client1,Pkw+KhX/s0esUM1Wk8EYAS4emGE7nsPkubhM5CM0w31u6jWKheg5GDhUg0X1RxS1FkRHeJRrn99ynxR8oO1V3s+IOszBx8aZRd5DPMAGQLodUO1Kr1qjlerFuRpxdQ1DqF/VFtcoOM74PEwWxV4Cx4X3wTDSkqDfDLX7V59V8ngyqvhKUiXWANjbY3sWe0RAhtQVPv9F9efZOz40pd4qYu4a3P/nvNf2sUdhvGgel5Uik3iROHHOYVttyx5LJ7sijW/LeF8xvXrHaHEQ03jJM67HMl32CXCbBh5m3U7rO8WAKYB5U+b+3/nQSilMffqwv9DVb9D2ZYUMY+tk33Mgdw==
client1,bank,rfE9u95/xMDFVHp9ESNV/PFL0uqYRE8ZnVXiHIgKacGxsPG2SddTfEHQqfIiNRUZD6JGG5pkzHSA3fyzvcii9+ThFBJbmPDBJr04me+jYkg3gY/L1MslFP3OmAn6DHUwqo9R1IPtAsGVRpOBiXtDDXLICUGnGFdL1WdAj/iguf5SWrnZ2HW+9dp7sR+FqB5BK/d0m5daJzW1+lOtf6ZLwWNwQvgBahWGbL4j8lEAZx1FOWuqGZPHY0HKmeR0trXi7pvLhsAfRA1Ett1//QSqXc9Nt69X3A9jEN9KKvIJo3joHZWV3P8a49FaqO7ZRrLRukkz3oPA2KNYl32qNcbqQg==
bank,client1,KhvhVPr5ZGylBPiR5wAT3YCavaS0g98GfPWNi4QwfXko46+UPOLksQ1D/cM6NrbzBNsjYbMxoFYFME3TKSBMUsotmxNXu2/4kAu4rA60O4GKWCD3OYzAQWWjtCTG/c/8QUvb/vbmJKepGqUlsZo6uOkRlex1SB2IMc/ERCbYqHhNvR0B2kpzWCx+eodMWTW+DJuHirADNkdlJvmZ1Rklzq0ET44hENSXRfzMS9lZ3/zpu4lAv+HDvTc9arEYIkt25PHoHGb19J3mZws/5h7WQccVKPE2m6Coh/uLLY29H9rQ48pW+WRo2/NcLo+TiQ32cwhTdHbvWIXXe5yLqsPfEw==
client1,bank,BOR7jpS11CfG4gBJPk8YvIw8lNCDEhoftjcd9LDhC/JlZxILAKbHTGMAixD495MnD5QL0ibC4jzeFHPcAlyvFzCl1pl2hBe8Cjrbvb0VrqEwYilfNpL2bghMo/SFoNr7PmkgwZ/UFUk/fE1XBaEyNYQUhFhHHo6TB4x9c8OP2WPUXRABQhriGuqnZKxnyI3YYp9yJ7d7qI8UwiiMVPSCTdpDweucLu2vNO6gC8MxQHEJOSB+xjlu1/G8P958ji3pO8md3kq/OoU6/WJXMzbZeOMqp8gxfVyH0ha5aYTPoMLzp/6RvSeELii376KYOkiEbRU6WZGnrDUbdvJt4Qdw3w==
bank,client1,LNYDBcQgqwj8nJh2LM/M+UHaH/JQvn46yFYQiUNrieD5XoSIbQvXOVBluXTbhJM6ArlYzK1MsThTq1XR4Sp1i7nrgAafk9NkISAAkaVF/W7OHSfBLksGIliRlfSVp41vgrRcxmsd+E87mnvO1Td75oocyM6jcSB0mW79ZnEsfIMGLOAkYZU99py/RrpMCRDyaBVs4DjK/WWzF299dHNND9YQcMndFeKmGCQV2108X+0ofeDXRcr4PL0yWruS2/Zr8qIeTFTomto41IPYreoze8K9Y01dI8KLVZJ/I610cH2vPAXzagiFOe6LyC7Nk7D80lE3AT0SqQ3QlMFwF+zYbA==
client1,bank,DvW5e2t6oTGePHgmcVuYcVkPioePK6siMQkSdpCMb7ML6d5XKVV0eV79/MhPHgw98gdL2wSiJA9HBjZaabGPgQhtNXukoKXXThq1XYB6oCFtc8nviwNI1KZSlqz4lgqK6ld4w6uTL8s1lYyfvWqxTajng/bo8NonOgBR3vJ8r75G1VIO1WMgeXrraFmgN46eFAZETpFfKkB1+L5+LiPjwF4mSAjfRWg1jm0qiGBo5lwIdRd801anGK5hO5yKGnkRCMF6cJXWruZFwZZ2d71X6OgZ4GEqM6y8mTGgRTkczAuLvyTGiWQRP4bvC/8WDTI0vAYVxlQAyNLYQDOXZqNb7w==
bank,client1,fyL6gyo7izWHjilvrVHPpmFMRkMnPcKSSQw0w7DrJiwvbZKvXTfOYlvoFMND7/Lx2wxIq40vHus4l+thCneLAeOMh+Dc/531oee0snx2dd+rdWOg014UxjjDcAAW9/XBq0CrEdW2bvckiizIKjvxMn4IScNo+BHlQiFADAAsPSjcPQE8IhD4XXVrPb9S0acF+fc3r0cC+1TEN6We6c7/af8o0bsCXjwWpF5o7/MQXD90oJLgHTjz4l+VyaC74r+OeFJ9EYWY2C4vWjKiQf3xfqZMOvo8QAPW1Y9Oxz70wdlZDN6UoWNxfYS1MjVLTmbyARswlgn4P2NN6S0xpMRygA==
client2,bank,oq8IVgPQTJGyXN4TbgpqrjzwmjyObfshpMe51SND9QCGokfR4F7ZnrwPZyqNkuDk6aenq0Ha2i7aFLVjZDzBjuMM46noCxWpd4RcoLh2LK8e/CvfVO5aNiJ/7C2YEniRAgzq5z4wJu4Bjcl/ZqAPeUZJ5i5gzO07hqVf121ZEwdGoukaZXUGLaQ7Y31d8IPrpN4d1K8FwUnOg4uRHpEbrEnR9NlaFQ+y4H5lLvMJ/BEbDQArV9kl6hX5kQk4dpjScSX0VLTS9YRnf20Z7jfbpFdAbLZCgTJpUTGSuYHi4uQqfBi0lW6zpB7wlKZwhVojixi4F3FIIPTQWblThU0BqQ==
bank,client2,Kdcb9b80cPSqfo4baWoGkozy0CqNjSgBAOXluuAJv0AZHh3kbLxEUBiliRXtUvR1qr8Dq1ScDJggWREkUmRMAsMuNHESzEgOkvEDIb0DAw1WZUBnNIY9DjESRS07TCCjLKKNtBNdAMDjE1DSoKsua3/MhYCpxNjUZBKdMVoBJRXy7z2NzvJEc3s7kxVrqRNR6TtE77maY9Fmsoz4DbOyBF2ADT2RUWSHmQb0jRU6BVEyFLX3EoK8giYT6/To7BgRZWJpr/iF9Uf7jnoOuhipRjUK1Uzxb/HOjsZgq0qUX86ugLbcfKc8Xqmvq6m96H1ZGsw96WzXInD3BYLgKxPyow==
client2,bank,ZI34BepSoWH5RCUotM1NOL/0/yoKBoyb5vjO0ayfZ7HZcWChb9erW36CoGMJp+dZVG92pcvVkXRSbqnbH8ln85SIzLiCEfUfUKXkPcTPeCWb+qrYXhsuJOqXB2cqwYRmVBWuzN44IuJNPTWy07+hVm+ts1Ltvc6vBMfq+ILjaQVoRznFeJaYDYp7dHtm0sXjgRvOGxFMikdMm1uNan/mb7e83VrwlUS+EPrCc0YA55IpUoVqpGD44igg7Fqp+mq0PlSuuPD1tFISvrNfzH2z/hpoe0tf+MCcCzw2tD7dGL2SoeODtRSlylhJViLFJ37GXzBQZBxcLrLHidStYKgouA==
bank,client2,UG41COGbgcKp/dy0pmJrgK9ffz9T0RECzcUJBWK6EJpM9p/9/q9pxR2PYGx2Cr92iCg7rBKHbKL0wqAwHAU9IcIDjjOgAMLsZTnjVu9P1a0S3VrM4ghMrJmC1ntO11v+EJvOao6Df0+zkiIS6RoqEuPbjHYZocYBD4dO7JAXeSA9ECqK/gurqg7TzXTIhTYdnB0mHCMY5vQRGY6vkvZhEwppfeTZYhlA2thHc6UXEXhCv6ePeywuRGgO40CSIbQHZ9Q+gAL8PJNxoZNxCibf7JLu0WLxTcY13pwl2YoCumhI6QFEt+fEKBwt3GWaFZ+3DLFm/wAvLjAgL5piMGx7Mw==
client2,bank,SDJ8JR72YfAMQ0U518xmTjPxuXiY4NOgS2dvsouhaxxqaV+J0vJgLtnIVoeYVkyOt/yWagviGQQUAKoOBur7dxMHdTKkk3xwIPGiyp1X0I24Hu00JQwgGrLgLoqLyeLe+81qXAvEotgT2HCgxMK/bLFkjiILF5pllSLEV4k/+m07GWA7uEK9aCouW3SlKVigGgIRJFpaIKj2kmgKNDZfFocg3ngMfJjcdwVmL5luXWsS5+fBsxjV4S5flNYS6ArFIe75WtxyCbFqgtqrAObyp11rOMSbal+5QLMoAL371z7h5dt/qe1VnEf2lrMAe39Xzjg4j3ZjGy+hhZGhhE6VGQ==
bank,client2,LkQoURAIvx/olPi7lPQMU0EY+/pkq3gZnHOt5TsWZVpINY6esqkdt8DI+DGdpqMdLlXhaH8PmfrRzt9edim/Ab0vpX4ecEAVeH0yzqI1AjI1oRJrrKMYS94cUJMRk1DGIOTEJK2k0BGaU3iF3UR/umVVVbx1nglGrV1Hj6D/BzDeDhW7zIpcrb1qMHDcWlel7kQmos4R66ixICREm9+yXtrhpprabWZzKN23s1j7cxwONwUzo6X4jHZsGPL5N/o0guarJS/LtoOwPAM/IqBF7n2rq8kU4MGDTqNF2+UcBOABdFmj6BTRUTy01x7+z/BB7ySqKZWa2NCMzlm+pnesOg==
client2,bank,j2DbFBJO6o4GCiDzWmzxW7EniYL2wB0hbKGj3u2lU3ycSOmRhNefTqdH93iQfFlkwM/t1Q8ZaatRE6WkKBcuR/+gXTQh65jSTXyYVorLkJctcezYDoo/pb+UHuA/j7DKq36l7pmWcnOTq7TyVa+1fmRLNRnslNNrX6uKy3v6FOw5++qhdsoIBQR3JOsxSmn0x+JTPzoK/BEgHdD3qtk3s5Dwr7xTYuR/9syo2W/ZAtyIMSqmaeA0LdAB+YI/YQcjC40If6DJ2GuBX2hu/5BXEwMeYZSOZbeDq6equnLH9Hge+Ex5YyO8Wt2E25gWuLs16zgPk9aw2p87Eo+QexKq5A==
bank,client2,Avq5r9IV8u1ZWTWZp0OoNwvFO+lB8p1Jn7AZk6X0CfBNHHTB3WogzhbjFAKUzDxtuqD/TQvRXIAeWhTdwAUcmdsDXQFmoFwFlZ2a3a0CoAjZKVBeB9tqFVhUIJcZ7XSNZBHCR88vSWN/TY9SBnY5zVJNiIDxNI09jcOtYGwiGEY5aOiK1a23cYswSusdf1EvYFIVELAhrL8qWKs5g9j+fXdGa8ocghZZ3tOQl06dDr7dUd3a3QWkuCW8dpVUK8S2fCdDAe8D9J997UaCFRoNTcCYWnrFVkhdhdCbicV8Mj5mLSO9BWZN/X3+p5z2tjst8M37+pYK49hbLua3InusJg==
client1,bank,czrdR5kHqNz4kxPYOFdkdDxZxP0l3OI26F+ZCNlTvqCWDqiJHDuxmYgkwVAe1smGIqg3g1zO3VqpE241uKBz1dFSJK2Yn9e6Ye3VcXwBpCeyCH1uXBQepGuiC/a7i4CPvKCqSN5/gPQI5Pf2BrDsVzfDh/HgjceEoXw7jy8V4bGyAs4IFLBBaXXno6wYKbHWEbqQfHpSfT8vK0fDEOY5kHbh7evg3Ln+9i0bchHrpUNnh2zimiiTJl9qD5eXxBwSo8sGad4eQUycBoBqpmDQo6uflwY+1LNILfkgsvYweU0TlC4Mufjb+cVlcUdtbR6uYVzqJucXq2oOizKMetNA2w==
bank,client1,DG+svfzWr/TGgkOfT4gqmYu0cDqSIsqWx272kjWRRwWp6E4QbGCFhP5uDstQahWisHUI83H510CQkLH+So07fqA6KjHEGQamWauPj9fet1+FwqPPfehx917yThP57nHks5IeVlxBXBE5jIB5Co4C1K1i70hh5MOXxtn2l6UEdDvhOnFu3cDcyMb3XC4dF3O6vvDJch/0Th+b7gBgFmxZhow6cxmOvhSRgFEFB6wiMQO4jRG6RyB+Ckc6ZcV1Vpe5Xk+pC9uyqgq64SseyTIEl12YTLfetefiDDQIWa8eakevU77NcKgHcNk1y2M2ihgbLMcCTOBfRsHXzfXGuGOTeA==
client1,bank,l6aY5alDcYVa21N0Jq4n58Rs8ASlfR7Q8mzHEHzSlfB5oxYKAbKA+x2LbuARG1s5XMmVlW1A9MrPWuphEyjGA7jRHOKkLaj6z0BvV3JOVpcd60V9zvHrItYzAgHDbdRlzGN8B1yJnx1nXFzcOdI94zZisvHclYIPyBRuN2wRclPCfp6NYBg1BqwaRnwp7FZN800Cy721fHNRKijzuK0hPG9QrgX6AN5qyAU7K+rXQF+4zz1YZi7s36fF45TRMhBjEvPkPRE+4hfl6VNrdxg/QfvgJ30oN78Qoy3d/9OfPxnbrUMVyIoJgk1KUAaKHZVonPFIFvyp2IaYXV6vHSysBQ==
bank,client1,Y3DLv0vUlh8wIWlxEtk96g7O4pEjOeZ9MNvLAhEGzNC9yU/8x+n9a6Jo7a7505gCzBrZTkaT01WOiywpkfJQ0jqyE57i0x8XfRs2b0x+RQD8F4mjf9Xow3cb3Fqrvs8D5tJFFqj0DqfKIgIK1k5JpBklnT+ceHc2M1S5avO5ocGcgSDUHwhworCYOI+tAVPSuC0ptHLtDNQcciQGWbDHdi2UR2+4HZiQ1N72AipT9E1GqArH+xtHK1YS7YsXwHh68zcuVVpBmxnuA71AUajeY/UkXz4Fm5iL5Uwj8ru/xrrSho5iF8dUfDVAzFCRWJEryWmdxEeAEaIQU+1PWaeGYA==
client1,bank,qbaG6fXYWpgQe0GZlM3mTzHfVnE27G0YyysK7Or0SIxQdd3QF6NXcFcnichggfQnZbuR8r1/5JJiNB+WOiq4kRV4kk2nyuaiJKKUwAha78VmpKHG/4RwJvht8kvrkfbKS16f+jsyWeCnCjwQwf4W4G0nXEd3xgOJgOsbhWqERVBicn/zZRLphvDQtikK9Vvlsy3uHH8MKo+6cTQJz3MF0O5idD0CXp95Xt3BLjle2K89YcMQVU/tpxTK2X2JWhlV8julWDCWVPAZeLJnTLUzmcCMCqGGSae4RVmgrg5NSHqCEFS1bUJ9MaYrpq6Abg+/iyHpUBGvW3CuS7R0uVd/2A==
bank,client1,WCqyA/OdJQlbKpagGA0cfAaUslmpdjfBulhZ+bubv6hPONUvbSb8gOAlLV+dNo0wkLfBPBJXZdeUxgajz+u5erKlHz370IL9aPPreDfJRByS7iaoHyQqXHmxe1EKtqDrzCZObEVbzJIUcDFc8/eJCsC449aN3wiAgXj46NXVdtWdcLZGboqBv/Q2ABSNVUroCdWMf2XALuMuJAVy7RZELuizP0f+DcvA0y5OmZyZhSedymwGYYYadHPzl50vJlE7I0xBrw12/aekA/+Ug+DjKAZRotf56bCHQTEzl8NKJEm5uJb6ZdDZS2jmfht1COykPHb9bh6E3PXgX/FY8iUZlQ==
client1,bank,czrdR5kHqNz4kxPYOFdkdDxZxP0l3OI26F+ZCNlTvqCWDqiJHDuxmYgkwVAe1smGIqg3g1zO3VqpE241uKBz1dFSJK2Yn9e6Ye3VcXwBpCeyCH1uXBQepGuiC/a7i4CPvKCqSN5/gPQI5Pf2BrDsVzfDh/HgjceEoXw7jy8V4bGyAs4IFLBBaXXno6wYKbHWEbqQfHpSfT8vK0fDEOY5kHbh7evg3Ln+9i0bchHrpUNnh2zimiiTJl9qD5eXxBwSo8sGad4eQUycBoBqpmDQo6uflwY+1LNILfkgsvYweU0TlC4Mufjb+cVlcUdtbR6uYVzqJucXq2oOizKMetNA2w==
bank,client1,ihbVjrEF+JSDzwZzzBuQdHMOz9j6IK8lWPTyviTKeST1Ot/oSApG+ITCylOzlAZY+WqJYJ2gXZosr+ZWbQDq5T6CWCOEyljCgmWerShmk3O3LEaNggf1MyHxT8Oi0r9nrB9RWDV8YpFU9Ar1uo323tu3K0/jcCw1qrmDqJ9CLbKtioMjaeT4fwASNWhg1PId0bIxhmdEXoi9iL78zUTe/WDNAny8ZTpBaXhqTpD53NsDYTYS0sMBIwiJvvve14oiSr6hftD67c4gNrJs37wELsnDRWkURnP5tVjQUI1i432lbe+Z07na8U4QKPu/fhaM2Kw4o9hKyw2pq3kbe8ANCA==
client1,bank,l6aY5alDcYVa21N0Jq4n58Rs8ASlfR7Q8mzHEHzSlfB5oxYKAbKA+x2LbuARG1s5XMmVlW1A9MrPWuphEyjGA7jRHOKkLaj6z0BvV3JOVpcd60V9zvHrItYzAgHDbdRlzGN8B1yJnx1nXFzcOdI94zZisvHclYIPyBRuN2wRclPCfp6NYBg1BqwaRnwp7FZN800Cy721fHNRKijzuK0hPG9QrgX6AN5qyAU7K+rXQF+4zz1YZi7s36fF45TRMhBjEvPkPRE+4hfl6VNrdxg/QfvgJ30oN78Qoy3d/9OfPxnbrUMVyIoJgk1KUAaKHZVonPFIFvyp2IaYXV6vHSysBQ==
bank,client1,Y3DLv0vUlh8wIWlxEtk96g7O4pEjOeZ9MNvLAhEGzNC9yU/8x+n9a6Jo7a7505gCzBrZTkaT01WOiywpkfJQ0jqyE57i0x8XfRs2b0x+RQD8F4mjf9Xow3cb3Fqrvs8D5tJFFqj0DqfKIgIK1k5JpBklnT+ceHc2M1S5avO5ocGcgSDUHwhworCYOI+tAVPSuC0ptHLtDNQcciQGWbDHdi2UR2+4HZiQ1N72AipT9E1GqArH+xtHK1YS7YsXwHh68zcuVVpBmxnuA71AUajeY/UkXz4Fm5iL5Uwj8ru/xrrSho5iF8dUfDVAzFCRWJEryWmdxEeAEaIQU+1PWaeGYA==
client1,bank,HbDIk2Iei0NzAKvN7gRM/wrZrFz4Ee4LBpU5nYf3rCnZRMLJMu7Ao7iHVMLDGCwsyHKXyT2aw6a4OT/6TJpB2l6DUny8/bHgDPAWA8PkTJE03C4oUN9lqrLlBGwxhOCdVvPSvsqxxo9rWvKDkNAl34g4Wsh5MNUVvqaQZ81Ay6G4NQfNNTK/kAtTj1f58tv6hsDcpzAMn3WP3/h+HB3mgVUZnuvZPtdTpRUq1q7VqqcxogYTdwqTdmk4P9CFBjYyMyiMvpJjVyIht+HrIYx+4f9eYAwqN57y4pW12OfhYSDe+e0wKrrEolmwJ/E3f8SXOkZMs6efM2NvVOIFBgPUZw==
bank,client1,WCqyA/OdJQlbKpagGA0cfAaUslmpdjfBulhZ+bubv6hPONUvbSb8gOAlLV+dNo0wkLfBPBJXZdeUxgajz+u5erKlHz370IL9aPPreDfJRByS7iaoHyQqXHmxe1EKtqDrzCZObEVbzJIUcDFc8/eJCsC449aN3wiAgXj46NXVdtWdcLZGboqBv/Q2ABSNVUroCdWMf2XALuMuJAVy7RZELuizP0f+DcvA0y5OmZyZhSedymwGYYYadHPzl50vJlE7I0xBrw12/aekA/+Ug+DjKAZRotf56bCHQTEzl8NKJEm5uJb6ZdDZS2jmfht1COykPHb9bh6E3PXgX/FY8iUZlQ==
client1,bank,czrdR5kHqNz4kxPYOFdkdDxZxP0l3OI26F+ZCNlTvqCWDqiJHDuxmYgkwVAe1smGIqg3g1zO3VqpE241uKBz1dFSJK2Yn9e6Ye3VcXwBpCeyCH1uXBQepGuiC/a7i4CPvKCqSN5/gPQI5Pf2BrDsVzfDh/HgjceEoXw7jy8V4bGyAs4IFLBBaXXno6wYKbHWEbqQfHpSfT8vK0fDEOY5kHbh7evg3Ln+9i0bchHrpUNnh2zimiiTJl9qD5eXxBwSo8sGad4eQUycBoBqpmDQo6uflwY+1LNILfkgsvYweU0TlC4Mufjb+cVlcUdtbR6uYVzqJucXq2oOizKMetNA2w==
bank,client1,NuFsb7XGq4Q+DwxOZCgJJoLVfh8tbgLKEoOZZL+TUJTIiL5fCgaqgEpu8ix95NrhBA4z31LWpnc2PBZqjkTXUpB7cHIpj0WEGUjkNR9NKRRoDVVrtSMIO3r8NklAmbIODONcec9izyaL4Jssj0+BaDUGmZLQswzdmtHQtpC/PYNyk5kURmA+fJgeiBBBu88UaG7SafM35Y1rSlHj9i+3e9F9khijj59QatUoZO671ZEjgTA/Lk/K/lzGOVVLBl4WoOHooEqstpF4tvxr599Rh+cr5SnMzjhG3XcZLwKwQRom9uIiapWhKwIUpdW/xyU757ExTo56sS7W2oJiyeu1LA==
client1,bank,l6aY5alDcYVa21N0Jq4n58Rs8ASlfR7Q8mzHEHzSlfB5oxYKAbKA+x2LbuARG1s5XMmVlW1A9MrPWuphEyjGA7jRHOKkLaj6z0BvV3JOVpcd60V9zvHrItYzAgHDbdRlzGN8B1yJnx1nXFzcOdI94zZisvHclYIPyBRuN2wRclPCfp6NYBg1BqwaRnwp7FZN800Cy721fHNRKijzuK0hPG9QrgX6AN5qyAU7K+rXQF+4zz1YZi7s36fF45TRMhBjEvPkPRE+4hfl6VNrdxg/QfvgJ30oN78Qoy3d/9OfPxnbrUMVyIoJgk1KUAaKHZVonPFIFvyp2IaYXV6vHSysBQ==
bank,client1,Y3DLv0vUlh8wIWlxEtk96g7O4pEjOeZ9MNvLAhEGzNC9yU/8x+n9a6Jo7a7505gCzBrZTkaT01WOiywpkfJQ0jqyE57i0x8XfRs2b0x+RQD8F4mjf9Xow3cb3Fqrvs8D5tJFFqj0DqfKIgIK1k5JpBklnT+ceHc2M1S5avO5ocGcgSDUHwhworCYOI+tAVPSuC0ptHLtDNQcciQGWbDHdi2UR2+4HZiQ1N72AipT9E1GqArH+xtHK1YS7YsXwHh68zcuVVpBmxnuA71AUajeY/UkXz4Fm5iL5Uwj8ru/xrrSho5iF8dUfDVAzFCRWJEryWmdxEeAEaIQU+1PWaeGYA==
client1,bank,PypszBVF9KGUzRCvzM/4guhVAOY9jeeRMU7ZN6glB48Ot1T8u6xl9IVg1Kos60yY8UXae5pDrOzZDrb0CcS8wTbwgJYK+hrvUUSYyh6LG0PnFpzkg2AS/GE/3SfGlTHLGLjKzGeEm+yrwzv6J+XoQ4rvYjSmZV7LwyaUDLvZjBo0Xt6gh2q0uK3NnpMU4pNVgdhbzyEeunqTA5tbEiNA0SuncUFpSX0MXmmqGH/cUu5/TtaTUjGmCY/FLigrIVMYXQOUw7UUkPfiVddFzR8LGlUjtbWXik52nI6/deZuodLsVQ8RVDyoVTA8LL6cTLp6dsQjSVwkl7//gQSrQVdM8g==
bank,client1,WCqyA/OdJQlbKpagGA0cfAaUslmpdjfBulhZ+bubv6hPONUvbSb8gOAlLV+dNo0wkLfBPBJXZdeUxgajz+u5erKlHz370IL9aPPreDfJRByS7iaoHyQqXHmxe1EKtqDrzCZObEVbzJIUcDFc8/eJCsC449aN3wiAgXj46NXVdtWdcLZGboqBv/Q2ABSNVUroCdWMf2XALuMuJAVy7RZELuizP0f+DcvA0y5OmZyZhSedymwGYYYadHPzl50vJlE7I0xBrw12/aekA/+Ug+DjKAZRotf56bCHQTEzl8NKJEm5uJb6ZdDZS2jmfht1COykPHb9bh6E3PXgX/FY8iUZlQ==
client1,bank,czrdR5kHqNz4kxPYOFdkdDxZxP0l3OI26F+ZCNlTvqCWDqiJHDuxmYgkwVAe1smGIqg3g1zO3VqpE241uKBz1dFSJK2Yn9e6Ye3VcXwBpCeyCH1uXBQepGuiC/a7i4CPvKCqSN5/gPQI5Pf2BrDsVzfDh/HgjceEoXw7jy8V4bGyAs4IFLBBaXXno6wYKbHWEbqQfHpSfT8vK0fDEOY5kHbh7evg3Ln+9i0bchHrpUNnh2zimiiTJl9qD5eXxBwSo8sGad4eQUycBoBqpmDQo6uflwY+1LNILfkgsvYweU0TlC4Mufjb+cVlcUdtbR6uYVzqJucXq2oOizKMetNA2w==
bank,client1,LBvLcNK57q5AOxySGKyq/B/lk+m3x2XknUCSr7o+wVn/1m/MLM7OtgwPCBeJAWHGSWcreqIcOCqIS4JhcoANLCtGba30l/627Cgiybn/GN6InnUGQa0n7vjZcRMKW+rT+aTqenH42NzJ/JYf4r4HOLw3NPHuwQu6ASkecVF8/CkQ4ynOsDPJKT9WJbOxQXYLvlERR/QofCcH30AsOrsnuEFT88gDmZa1JrhFq8O7YfzlcGlrbNmxsDylOjB+NIz9dJa0L7ZNNdeIBQM1uVrTXC+1Ncmql/xqUzlKzR3ayIraLeohWw+xr/w17ldAUG9kBoAThei+YTK8sf4tPjTddQ==
client1,bank,l6aY5alDcYVa21N0Jq4n58Rs8ASlfR7Q8mzHEHzSlfB5oxYKAbKA+x2LbuARG1s5XMmVlW1A9MrPWuphEyjGA7jRHOKkLaj6z0BvV3JOVpcd60V9zvHrItYzAgHDbdRlzGN8B1yJnx1nXFzcOdI94zZisvHclYIPyBRuN2wRclPCfp6NYBg1BqwaRnwp7FZN800Cy721fHNRKijzuK0hPG9QrgX6AN5qyAU7K+rXQF+4zz1YZi7s36fF45TRMhBjEvPkPRE+4hfl6VNrdxg/QfvgJ30oN78Qoy3d/9OfPxnbrUMVyIoJgk1KUAaKHZVonPFIFvyp2IaYXV6vHSysBQ==
bank,client1,Y3DLv0vUlh8wIWlxEtk96g7O4pEjOeZ9MNvLAhEGzNC9yU/8x+n9a6Jo7a7505gCzBrZTkaT01WOiywpkfJQ0jqyE57i0x8XfRs2b0x+RQD8F4mjf9Xow3cb3Fqrvs8D5tJFFqj0DqfKIgIK1k5JpBklnT+ceHc2M1S5avO5ocGcgSDUHwhworCYOI+tAVPSuC0ptHLtDNQcciQGWbDHdi2UR2+4HZiQ1N72AipT9E1GqArH+xtHK1YS7YsXwHh68zcuVVpBmxnuA71AUajeY/UkXz4Fm5iL5Uwj8ru/xrrSho5iF8dUfDVAzFCRWJEryWmdxEeAEaIQU+1PWaeGYA==
client1,bank,czrdR5kHqNz4kxPYOFdkdDxZxP0l3OI26F+ZCNlTvqCWDqiJHDuxmYgkwVAe1smGIqg3g1zO3VqpE241uKBz1dFSJK2Yn9e6Ye3VcXwBpCeyCH1uXBQepGuiC/a7i4CPvKCqSN5/gPQI5Pf2BrDsVzfDh/HgjceEoXw7jy8V4bGyAs4IFLBBaXXno6wYKbHWEbqQfHpSfT8vK0fDEOY5kHbh7evg3Ln+9i0bchHrpUNnh2zimiiTJl9qD5eXxBwSo8sGad4eQUycBoBqpmDQo6uflwY+1LNILfkgsvYweU0TlC4Mufjb+cVlcUdtbR6uYVzqJucXq2oOizKMetNA2w==
bank,client1,LBvLcNK57q5AOxySGKyq/B/lk+m3x2XknUCSr7o+wVn/1m/MLM7OtgwPCBeJAWHGSWcreqIcOCqIS4JhcoANLCtGba30l/627Cgiybn/GN6InnUGQa0n7vjZcRMKW+rT+aTqenH42NzJ/JYf4r4HOLw3NPHuwQu6ASkecVF8/CkQ4ynOsDPJKT9WJbOxQXYLvlERR/QofCcH30AsOrsnuEFT88gDmZa1JrhFq8O7YfzlcGlrbNmxsDylOjB+NIz9dJa0L7ZNNdeIBQM1uVrTXC+1Ncmql/xqUzlKzR3ayIraLeohWw+xr/w17ldAUG9kBoAThei+YTK8sf4tPjTddQ==
client1,bank,l6aY5alDcYVa21N0Jq4n58Rs8ASlfR7Q8mzHEHzSlfB5oxYKAbKA+x2LbuARG1s5XMmVlW1A9MrPWuphEyjGA7jRHOKkLaj6z0BvV3JOVpcd60V9zvHrItYzAgHDbdRlzGN8B1yJnx1nXFzcOdI94zZisvHclYIPyBRuN2wRclPCfp6NYBg1BqwaRnwp7FZN800Cy721fHNRKijzuK0hPG9QrgX6AN5qyAU7K+rXQF+4zz1YZi7s36fF45TRMhBjEvPkPRE+4hfl6VNrdxg/QfvgJ30oN78Qoy3d/9OfPxnbrUMVyIoJgk1KUAaKHZVonPFIFvyp2IaYXV6vHSysBQ==
bank,client1,Y3DLv0vUlh8wIWlxEtk96g7O4pEjOeZ9MNvLAhEGzNC9yU/8x+n9a6Jo7a7505gCzBrZTkaT01WOiywpkfJQ0jqyE57i0x8XfRs2b0x+RQD8F4mjf9Xow3cb3Fqrvs8D5tJFFqj0DqfKIgIK1k5JpBklnT+ceHc2M1S5avO5ocGcgSDUHwhworCYOI+tAVPSuC0ptHLtDNQcciQGWbDHdi2UR2+4HZiQ1N72AipT9E1GqArH+xtHK1YS7YsXwHh68zcuVVpBmxnuA71AUajeY/UkXz4Fm5iL5Uwj8ru/xrrSho5iF8dUfDVAzFCRWJEryWmdxEeAEaIQU+1PWaeGYA==
client1,bank,K955h5HjOacyOrNowKoLkEH2GCK3bBjijY721AJuNsYASyjeGsiark+yBWfmYkkouL9d8Rwt1menXLEJMsfJyBZOBuBtbIc1sQMaQrRQyBgxBv+Z5dCtyMjtbvjG+do/YiQXMiS2Y7X9w/LKQJr34n4puvJ//0gUUr6aSQtE7YUDD7Pi0jkYu3yyAlDhJi8SMlhzFSKNjjGAPZZk0WUoHIupZJDm1SKcoHxZQfC2BjLPfuI97HmXsEEm/gtHXjI/KX8HzNERX2G14CawnC1okhCdNp4eo1lMl6wVEicTUAtcxm01Q+KqHdnlmIoz54uz1NcLzViCjlBVoWsH8Pe94w==
bank,client1,WCqyA/OdJQlbKpagGA0cfAaUslmpdjfBulhZ+bubv6hPONUvbSb8gOAlLV+dNo0wkLfBPBJXZdeUxgajz+u5erKlHz370IL9aPPreDfJRByS7iaoHyQqXHmxe1EKtqDrzCZObEVbzJIUcDFc8/eJCsC449aN3wiAgXj46NXVdtWdcLZGboqBv/Q2ABSNVUroCdWMf2XALuMuJAVy7RZELuizP0f+DcvA0y5OmZyZhSedymwGYYYadHPzl50vJlE7I0xBrw12/aekA/+Ug+DjKAZRotf56bCHQTEzl8NKJEm5uJb6ZdDZS2jmfht1COykPHb9bh6E3PXgX/FY8iUZlQ==
client1,bank,czrdR5kHqNz4kxPYOFdkdDxZxP0l3OI26F+ZCNlTvqCWDqiJHDuxmYgkwVAe1smGIqg3g1zO3VqpE241uKBz1dFSJK2Yn9e6Ye3VcXwBpCeyCH1uXBQepGuiC/a7i4CPvKCqSN5/gPQI5Pf2BrDsVzfDh/HgjceEoXw7jy8V4bGyAs4IFLBBaXXno6wYKbHWEbqQfHpSfT8vK0fDEOY5kHbh7evg3Ln+9i0bchHrpUNnh2zimiiTJl9qD5eXxBwSo8sGad4eQUycBoBqpmDQo6uflwY+1LNILfkgsvYweU0TlC4Mufjb+cVlcUdtbR6uYVzqJucXq2oOizKMetNA2w==
bank,client1,d5934yUK+MHRabbtTELw3VTOr/Hk8Ro5O4E04RnaryNH3egCq3ZkOk1akzLyHYGMIkLBSnT+tDHLKwxfdXvxn+uBN3VsFO3ds773iK+5BDfKYG0OhC20V8kr936NnL2nwqDHyKzwwnIuzD38Cfd5etq78GZ2zSTC+H1O0frxzwFDB/jzXxwePyqc2EoMXnVPYKyGxoZGqEgvrUwnXnUsSzVxaNcn6hgwA9OvjX7Oq+QsWcVp836HWVbQTMVwQRUTGW7DuwodRKOD7/Zx+fvbrZVCKQxGZdwQ0tV5xoKVTNK0XpVJ1MoZJWBtZCqmXKl78zeuEZ3Lso5p4wwjkbkRqA==
client1,bank,l6aY5alDcYVa21N0Jq4n58Rs8ASlfR7Q8mzHEHzSlfB5oxYKAbKA+x2LbuARG1s5XMmVlW1A9MrPWuphEyjGA7jRHOKkLaj6z0BvV3JOVpcd60V9zvHrItYzAgHDbdRlzGN8B1yJnx1nXFzcOdI94zZisvHclYIPyBRuN2wRclPCfp6NYBg1BqwaRnwp7FZN800Cy721fHNRKijzuK0hPG9QrgX6AN5qyAU7K+rXQF+4zz1YZi7s36fF45TRMhBjEvPkPRE+4hfl6VNrdxg/QfvgJ30oN78Qoy3d/9OfPxnbrUMVyIoJgk1KUAaKHZVonPFIFvyp2IaYXV6vHSysBQ==
bank,client1,Y3DLv0vUlh8wIWlxEtk96g7O4pEjOeZ9MNvLAhEGzNC9yU/8x+n9a6Jo7a7505gCzBrZTkaT01WOiywpkfJQ0jqyE57i0x8XfRs2b0x+RQD8F4mjf9Xow3cb3Fqrvs8D5tJFFqj0DqfKIgIK1k5JpBklnT+ceHc2M1S5avO5ocGcgSDUHwhworCYOI+tAVPSuC0ptHLtDNQcciQGWbDHdi2UR2+4HZiQ1N72AipT9E1GqArH+xtHK1YS7YsXwHh68zcuVVpBmxnuA71AUajeY/UkXz4Fm5iL5Uwj8ru/xrrSho5iF8dUfDVAzFCRWJEryWmdxEeAEaIQU+1PWaeGYA==
client1,bank,R/4k4jbdBbE1ooooATYU7xKr+YKzHeW/DW6h43euxd8u/lNWK3MumZ2VkkF1/IwVueDf6UB9fPy8R4mdWCG9Qj2Psw7AhyB3wPJHyReVv5hP4Nb0j9FYkshtra9AU5sKCdHKrl8HBq6nC0jyjzKFfiG+Z6lLplbRzHihWjjnOTfok5L3UeKVC/xL0INgMzC8GSCVjzoK0AydWru6Od0mIShyNohDHnUArBgnYJTIvt55fpjjg3aCDaw78BDsmymP7D439IkZu61UIoXa1LLzM+9mE7ZXnR7xcF4i6U0+buP6dpstQPtBqzXSsAXGlmSS2pnFi2XYbT3y+6jguIGRlQ==
bank,client1,WCqyA/OdJQlbKpagGA0cfAaUslmpdjfBulhZ+bubv6hPONUvbSb8gOAlLV+dNo0wkLfBPBJXZdeUxgajz+u5erKlHz370IL9aPPreDfJRByS7iaoHyQqXHmxe1EKtqDrzCZObEVbzJIUcDFc8/eJCsC449aN3wiAgXj46NXVdtWdcLZGboqBv/Q2ABSNVUroCdWMf2XALuMuJAVy7RZELuizP0f+DcvA0y5OmZyZhSedymwGYYYadHPzl50vJlE7I0xBrw12/aekA/+Ug+DjKAZRotf56bCHQTEzl8NKJEm5uJb6ZdDZS2jmfht1COykPHb9bh6E3PXgX/FY8iUZlQ==
client1,bank,Hy+vj7SE6oV6vErMz0KZxgu9C7oqEUmuBGc3bJgVKROMN351PkNqqWMjIH9YOq6quAIILUzE4WSCrwDGl5cFjvS7HZwmuPQ7opYAUe0x2dqZhN/AXUjMFeC5BzpHfM74HH93nsXWoCaBYsBNeXUVV08aYO5eeIPy2C5uSygqxfnWFQ8j3tdxDZ0x0EzRUvoD72bMpoXwew5nkRj87yNI+OUysCqSBOIUfBGWrQZ8yy4JmsYsKJOIa2ma64x5+G+X3WmFkRVXyfa7Y4deU9k9SyALGYzMzb8HMf+dr8An+qZt5pN0Nj2LyzjXJEykZzWRLEjQ3Qjz2tt9El2axBMHnw==
bank,client1,KhvhVPr5ZGylBPiR5wAT3YCavaS0g98GfPWNi4QwfXko46+UPOLksQ1D/cM6NrbzBNsjYbMxoFYFME3TKSBMUsotmxNXu2/4kAu4rA60O4GKWCD3OYzAQWWjtCTG/c/8QUvb/vbmJKepGqUlsZo6uOkRlex1SB2IMc/ERCbYqHhNvR0B2kpzWCx+eodMWTW+DJuHirADNkdlJvmZ1Rklzq0ET44hENSXRfzMS9lZ3/zpu4lAv+HDvTc9arEYIkt25PHoHGb19J3mZws/5h7WQccVKPE2m6Coh/uLLY29H9rQ48pW+WRo2/NcLo+TiQ32cwhTdHbvWIXXe5yLqsPfEw==
client1,bank,WC1skEwDgcpT41YwrrVWqWCIqJiDdPxRdEhn/zArWAOjhSWdu/6ZX2CrQW9omokMILMyFCbrUzRYQVeWba3d/bnSoWfdTszI8fV6HNptRI9m1SPxkoxiyStBSuec1YIBQdQUhHPF/uz1O4pKekNgs4CgIeATb8rUWfDMT6IjKvDxroLFa8f3j3wxWGXXpNq+rI+FKj6LZk6rDCke7cxYwijbtJEQaPpsAqr2Rldyu168oduiLtzGF+yWhuC+cxVo8mRNNoAoAHCFEU9Y+yHZh1+aLGov4+udZQ2FfF3yQgWwhYgYhkobVG0/knvkEW7v0BJZUyrAQ0GdweLSnxBiwQ==
bank,client1,ItnrK4fF0um/p9I1Z1rP+eX/+Je3+YnMgycpl+CK+dzLkN+x+sxfUMFl89r88J88E7l2M/X/HfiY2fVLsTxO8IYD+u696p/MuInMP0PFvvobdCl3zL2L8E93sPthmtTGQDPrjnn39U21cSwB5/rasrIAKLCKg1IgXIBI21o9xVbUmv2O3DAFvZKYnWlBUYbBbLc2jFPj8ANy6LvvFZ6eIanR/v5htLDYWV1ia4YVayquJDgigaBuUyyxYMq/30Y2aJcZwh2Jxz7L4MDfq6xERJupyaWSRtilp+JFgWmTVXR3yrzotIxNP1K3jMHYYgPaaOlNc1TOU8wLuRLSIxf5nQ==
client1,bank,Vt4NYwA6NCOljY+1gEfIOpWPUqfLkcokUFQHffCkCBtz6eoZ1ubu+rQ5NCcl+v8rA0RV4HKqJ3+kNpUIpGlzj0HvDr6f7sf9xNh9XUS1sdb6x0pDeXOEXxhzL/UmbRYPHYE6Qqm88bxahwElqDbpRFJB510NfJKKAXsVVyR6+l1ecr1miyhci/nitOiimwZDS+rDxjZCupjKG9tPt50p0LmKdc9NaHhlPpLXXpUh83HH5dImpgArjPKkRSI4LUJMCuNADSMIWmeDtf+VNHasHmPyM7tg4V/hwu1P43RIin6HsR4hcZXUQFozRFEsgU14jf6uqhI6xxoyTCyDyI8wPw==
bank,client1,bDd/WlPNHZLF/PXVyrs/V7mqcOC+j+r3Q6N3wLoQxMCkbYybLgvbhAKJHdw5eWjcZY1Fuc2z81HkWwB3/nmknbFVbcwLZ4JzlnkSk1An3Ioe57WlG6od+yrhLA6EaitZIAB6R3q1FWG/yAEgsSgLhNcy8LhQcIMlhapGLsxWBOffjd5Q0ks/angOv2+Rf0d1BCEYWZMHEOotpkBWwH5PSp0QERoG2JKrqXWQkls2hsaeTNlR0yblqem9yYJDzzPgJWJyyaKuayKW2Noce023lROG1x/xMUpXR8hIq8w9nfY51DjIVJKC9iOTU0D6C9u71YlT1YldMCFLp4r4GGDZew==
client2,bank,oq8IVgPQTJGyXN4TbgpqrjzwmjyObfshpMe51SND9QCGokfR4F7ZnrwPZyqNkuDk6aenq0Ha2i7aFLVjZDzBjuMM46noCxWpd4RcoLh2LK8e/CvfVO5aNiJ/7C2YEniRAgzq5z4wJu4Bjcl/ZqAPeUZJ5i5gzO07hqVf121ZEwdGoukaZXUGLaQ7Y31d8IPrpN4d1K8FwUnOg4uRHpEbrEnR9NlaFQ+y4H5lLvMJ/BEbDQArV9kl6hX5kQk4dpjScSX0VLTS9YRnf20Z7jfbpFdAbLZCgTJpUTGSuYHi4uQqfBi0lW6zpB7wlKZwhVojixi4F3FIIPTQWblThU0BqQ==
bank,client2,FXMdX+VzoRwxocpIAxTToPBMpfNS5O7E7onHcxlVz+rfp9yn+IgxJ9kzfZXc21UpTHXPobEV3TWzDsq7ri2DMX4eSyafqoQ0P/mZP1EqppOgZptpTkPuEvLidotCbQamBXf/SHQORKdfvX1xuFPaNhKS+OQlyHhXH5kDsBmi8YyjTpgYj1XoK5aMCk9PiRJcnE6aol6vN6wvTero5drORxB5LvB0bqcTwmKYPVzYWn/hRBqM/8CvabkuRnuscs6teVviIpYSISlEoYZQu2+ePm7TZfcSskL2qW4Z+eim7nw5yBlofwHqb1k+2wq9IHHSsHxupf4Zz5m64vVdCHPQXQ==
client2,bank,ZI34BepSoWH5RCUotM1NOL/0/yoKBoyb5vjO0ayfZ7HZcWChb9erW36CoGMJp+dZVG92pcvVkXRSbqnbH8ln85SIzLiCEfUfUKXkPcTPeCWb+qrYXhsuJOqXB2cqwYRmVBWuzN44IuJNPTWy07+hVm+ts1Ltvc6vBMfq+ILjaQVoRznFeJaYDYp7dHtm0sXjgRvOGxFMikdMm1uNan/mb7e83VrwlUS+EPrCc0YA55IpUoVqpGD44igg7Fqp+mq0PlSuuPD1tFISvrNfzH2z/hpoe0tf+MCcCzw2tD7dGL2SoeODtRSlylhJViLFJ37GXzBQZBxcLrLHidStYKgouA==
bank,client2,UG41COGbgcKp/dy0pmJrgK9ffz9T0RECzcUJBWK6EJpM9p/9/q9pxR2PYGx2Cr92iCg7rBKHbKL0wqAwHAU9IcIDjjOgAMLsZTnjVu9P1a0S3VrM4ghMrJmC1ntO11v+EJvOao6Df0+zkiIS6RoqEuPbjHYZocYBD4dO7JAXeSA9ECqK/gurqg7TzXTIhTYdnB0mHCMY5vQRGY6vkvZhEwppfeTZYhlA2thHc6UXEXhCv6ePeywuRGgO40CSIbQHZ9Q+gAL8PJNxoZNxCibf7JLu0WLxTcY13pwl2YoCumhI6QFEt+fEKBwt3GWaFZ+3DLFm/wAvLjAgL5piMGx7Mw==
client2,bank,FoySRc/Hgz/BHtstPqRBsN3+6a8El31Srl5rsxrBgY19JWrFYq5T0h9mwxO99rkl3+btf9l0EXx5ba8iJeFNnwEtK4KrpRKPR0yQd7mE7FKJP2R3cn7c3OLr+rJwvgvsWsKHZAB9L1aoZoyweDy9kaoD1nlfL1j+P0iC9l5WCbM/PAPNYqsHSzfgu+8o1KLLDbWmA8em8ELyqZkMIdOE7/37zoIlBK0CMOZ0Ltz9fD3XV6VKqvkJ0rhHwsEBU/Sx0PplT5Ux0GSi6znY3pBTtJdIUPOiL7UsX+tyIjwPzAKCg1+SjHa3Bu4HYqll18QAIklO5zeYonMjLkhzWeL5qg==
bank,client2,LkQoURAIvx/olPi7lPQMU0EY+/pkq3gZnHOt5TsWZVpINY6esqkdt8DI+DGdpqMdLlXhaH8PmfrRzt9edim/Ab0vpX4ecEAVeH0yzqI1AjI1oRJrrKMYS94cUJMRk1DGIOTEJK2k0BGaU3iF3UR/umVVVbx1nglGrV1Hj6D/BzDeDhW7zIpcrb1qMHDcWlel7kQmos4R66ixICREm9+yXtrhpprabWZzKN23s1j7cxwONwUzo6X4jHZsGPL5N/o0guarJS/LtoOwPAM/IqBF7n2rq8kU4MGDTqNF2+UcBOABdFmj6BTRUTy01x7+z/BB7ySqKZWa2NCMzlm+pnesOg==
client1,bank,czrdR5kHqNz4kxPYOFdkdDxZxP0l3OI26F+ZCNlTvqCWDqiJHDuxmYgkwVAe1smGIqg3g1zO3VqpE241uKBz1dFSJK2Yn9e6Ye3VcXwBpCeyCH1uXBQepGuiC/a7i4CPvKCqSN5/gPQI5Pf2BrDsVzfDh/HgjceEoXw7jy8V4bGyAs4IFLBBaXXno6wYKbHWEbqQfHpSfT8vK0fDEOY5kHbh7evg3Ln+9i0bchHrpUNnh2zimiiTJl9qD5eXxBwSo8sGad4eQUycBoBqpmDQo6uflwY+1LNILfkgsvYweU0TlC4Mufjb+cVlcUdtbR6uYVzqJucXq2oOizKMetNA2w==
bank,client1,L6rVX03D2AK5gjtUxLCTtjJxkKK2g+JO/wBYAM+Sf4DPsQrJvcmxrPv0NXOCxClA78uDgXFzdn7rrZZB9jTvG+y8V6q/VpL2QnxsJaFsyvd8P9aQpTe7lBTDVlQDgvWN5OcaXrzH0GLzuFcgvSO5SStxaqMf6VufDWQ3KFR0gi8t13WiP+Smqed7PzX6NsT0FxK6ptBb5SnCY+4ZX+ACbYH2qFGRXiLw5rjwpAM/HG0aJ6yZ/Bk6wzy0/Xjhffzi28Q7+fOCg8QNaMa7MzBOTv3se+WFGZtEiBi5Qg71LTFAnYZ6NTuB6kwAR+Zry12YCTDXTsXjw3FGd3co2Ura4A==
client1,bank,l6aY5alDcYVa21N0Jq4n58Rs8ASlfR7Q8mzHEHzSlfB5oxYKAbKA+x2LbuARG1s5XMmVlW1A9MrPWuphEyjGA7jRHOKkLaj6z0BvV3JOVpcd60V9zvHrItYzAgHDbdRlzGN8B1yJnx1nXFzcOdI94zZisvHclYIPyBRuN2wRclPCfp6NYBg1BqwaRnwp7FZN800Cy721fHNRKijzuK0hPG9QrgX6AN5qyAU7K+rXQF+4zz1YZi7s36fF45TRMhBjEvPkPRE+4hfl6VNrdxg/QfvgJ30oN78Qoy3d/9OfPxnbrUMVyIoJgk1KUAaKHZVonPFIFvyp2IaYXV6vHSysBQ==
bank,client1,Y3DLv0vUlh8wIWlxEtk96g7O4pEjOeZ9MNvLAhEGzNC9yU/8x+n9a6Jo7a7505gCzBrZTkaT01WOiywpkfJQ0jqyE57i0x8XfRs2b0x+RQD8F4mjf9Xow3cb3Fqrvs8D5tJFFqj0DqfKIgIK1k5JpBklnT+ceHc2M1S5avO5ocGcgSDUHwhworCYOI+tAVPSuC0ptHLtDNQcciQGWbDHdi2UR2+4HZiQ1N72AipT9E1GqArH+xtHK1YS7YsXwHh68zcuVVpBmxnuA71AUajeY/UkXz4Fm5iL5Uwj8ru/xrrSho5iF8dUfDVAzFCRWJEryWmdxEeAEaIQU+1PWaeGYA==
client1,bank,vQCzcThe7kUGFz3DFQi0tNgKNFl/ewDlqga5AuQM7/nwJkeanZ+EzewmLSzJcHVKiHQg1XmuefLFGkUBZeoXJ8Gw7gITOWLbDwNTIDlwfBYTn7vQ3hpZZNlx1WOTORZow3nxR9R8cw1o7MXosLYz6JZt6jxmDDQl4yiAVhjkQr0+Ojf4qT1bIVJYKDBp1ybigMOcnSDwc/5xBwUlljVcuHaLOPqO+eI5CV6F42i97PlyZBPpttJkBqOp9xb6Gwk1rsgCLgiiML5EO44aHcjOCxHNyMAyvl9IUDqgqduVDXrMwER9nYf0nHHzIW8jw3hWBKLlwMz7rwG7nzP8XPCEsg==
bank,client1,EN+I+v1OscTtSiSB91SrGnbPuMEc6VLTqyHMQGkIPRwf1T65WxVtlDvOxSxUQjqCDFzaO8JWZ1Vn0eNDkNoWz8NW3hnNpZVbkZ6ITcIrNJqgvzswQGS4+xLJ4EvwNUQQrZa/fSB/wzYUYlwnmdaPxXS29x649uQpZaYzeCJNDRWpO42/z6NYZt4XP8mHY5WXqmcJ+P0qjcYESU8fsUrW1bYtmHdaqNGF9ECtUizIMK+Qw6HgauQ+dpeV711rnTctPSK7dT1PI4KEPDB//uFcARUUa7WSGCUsMxrwUYJrPkXQ0qlvil7MAjiiPlvkTSz3UuZLaYRPU/6ManTfkGRYBA==
client1,bank,QfpV6iB6WSGq+CivnAY7eDugEJH3sN3RxFxIkblzhaEau2LusrkYV2lGoHmoIWcmDLr88mBiI5HdA7wZCbmUBJep5JI+8K/kxQDzUkZsEXlXfJx+s/Yq5LGU0jsvG6cClbQ4Ddi6beaubLKUoYwUAKddURsQM4oxMtcZFflDx++Cbqf+w3SZHxvL1hdt+Z6kTJbv05vQdr8CxyKddhON+OjG6rcJLwRYlBqCNJ6+144+xeCmWR8RWOiT6jrB8J6mBy+OSuN/ZV5pura0kmCCcXKSn+IxuY3gqYhcl2MQeZB3X8YeIOv/PkpW3QBA+g6gbEhN7MsNM0j2/2BP5vgkQw==
bank,client1,DrkHoLYSe52oyx1RpST81bAaPDwXiiq6lt9TkNlyZrdELjJ0vO/MtcjXlO4frTA9VSK4CLlDad9j3D//S6cQJU3JAdklW7Ok9qvSyuTlUVdG2PDEVUFFz/bWuiTWaQUi48myq74ApOT4rDk21Djz5btplibQYoMIH91+uraj+4LzU9M5bMD5qQUFy7zj5qrF4ztwcaygjCjoaHoLUPK7BC4ygZCpEWSqb8MYZRlPq75VKCQJFqpTIoKz4jF2vqzsEGY7N/D8fCSLpWQKnh0Jhge0aFaAJNowcxg+WW6OVyWGQYypnVJXv83QvWfc25V5Cp9nj7e3XAXFKrZL8WIFkA==
client1,bank,wqLN8hPc/+zApnn+It02+NBHqaa+jVAx8UlQ6JuJICNO9PviosH7iB2X0MJNWxnXpCaAgjVgF5cOUIGM9jlawmFpy0vUtkcfqfxpp6YU2BqL44nVBrY1jVEZRztajHe4/i1DIvVAK1GndB92QsFF8yYL09tEXtx8jzAj3UzRBwotaat4/6VfTDE/Bmyq0Kac5q7vDPwzq1CSiosN9RhbqHj3yPMzuMDsWCcOEGeQ53bedZo4n5KIOI+xG0rF+tP6wLEHTB6bt234iGpA+rnmI7UheAOvT2weqTtJ4aylFTtqJSZO8i5grxIVgftAX5r8A1dWloWU3Pxan54rDSJJXg==
bank,client1,EpaRRMQPRQdRiLxjlWnaO2UIeAT/uum0vzAlFd9XBLD0Cjzzp9I+YR8A3D7v4IietksVFwFzBehhc8k1MPfBjGU/ynjCMQNB/xxgJOQokGOACde1+y1yq/acorCuYv8MCcL7d+w5PjLZ3LD3Ya2n8+hAmSZpkGZmfWPZ5nOg3xVUEOQ25Skvw1fnwMKJZIWXwZhdj9Qg0A5ON9HjXdOkhZx27IP87uRTPRoK2QbG3MuxU4UGPX8vScyQQyojUkMTJBMpQqb2ZZB52t8uAx7O7z9KVwvjEdF36APZX7v7Y9ESNhgItupes7E7t97DkdyowcjRUu721xMom+N3bcXS/A==
client1,bank,czrdR5kHqNz4kxPYOFdkdDxZxP0l3OI26F+ZCNlTvqCWDqiJHDuxmYgkwVAe1smGIqg3g1zO3VqpE241uKBz1dFSJK2Yn9e6Ye3VcXwBpCeyCH1uXBQepGuiC/a7i4CPvKCqSN5/gPQI5Pf2BrDsVzfDh/HgjceEoXw7jy8V4bGyAs4IFLBBaXXno6wYKbHWEbqQfHpSfT8vK0fDEOY5kHbh7evg3Ln+9i0bchHrpUNnh2zimiiTJl9qD5eXxBwSo8sGad4eQUycBoBqpmDQo6uflwY+1LNILfkgsvYweU0TlC4Mufjb+cVlcUdtbR6uYVzqJucXq2oOizKMetNA2w==
bank,client1,BKFA4FWJXQ/LlcfdR3o+EsfsBpIjeC5LzrTmlEgyWQRrfJK0HbCkP3Mt4Yy8Ept37h21tSf8teDWHwvBY/WtIk/F6Gkmby3VFpp1BRFxvkavOIsNVxKLV0Gg3UK7qQpYs3puApOcXpdxRFAkHKrVsMjsuRkc7q2l8cmY4XdsS+bJvSHhNRTAAYKOsHgaiTpnF1vvs1Jtw/riaH1ioUtyAFTayYn+hux4wh8gnaxkT6TQHyv6MGTBM/Ae4WrhFjerVyIaBKQPZ+7plLMmRlWF1ybDB1MuZybEzbuLtlIMlXD7zJ+IlWB4RG11Bzs/PrP/Qs9w5vCaIgDB5mtdVytQPQ==
client1,bank,l6aY5alDcYVa21N0Jq4n58Rs8ASlfR7Q8mzHEHzSlfB5oxYKAbKA+x2LbuARG1s5XMmVlW1A9MrPWuphEyjGA7jRHOKkLaj6z0BvV3JOVpcd60V9zvHrItYzAgHDbdRlzGN8B1yJnx1nXFzcOdI94zZisvHclYIPyBRuN2wRclPCfp6NYBg1BqwaRnwp7FZN800Cy721fHNRKijzuK0hPG9QrgX6AN5qyAU7K+rXQF+4zz1YZi7s36fF45TRMhBjEvPkPRE+4hfl6VNrdxg/QfvgJ30oN78Qoy3d/9OfPxnbrUMVyIoJgk1KUAaKHZVonPFIFvyp2IaYXV6vHSysBQ==
bank,client1,Y3DLv0vUlh8wIWlxEtk96g7O4pEjOeZ9MNvLAhEGzNC9yU/8x+n9a6Jo7a7505gCzBrZTkaT01WOiywpkfJQ0jqyE57i0x8XfRs2b0x+RQD8F4mjf9Xow3cb3Fqrvs8D5tJFFqj0DqfKIgIK1k5JpBklnT+ceHc2M1S5avO5ocGcgSDUHwhworCYOI+tAVPSuC0ptHLtDNQcciQGWbDHdi2UR2+4HZiQ1N72AipT9E1GqArH+xtHK1YS7YsXwHh68zcuVVpBmxnuA71AUajeY/UkXz4Fm5iL5Uwj8ru/xrrSho5iF8dUfDVAzFCRWJEryWmdxEeAEaIQU+1PWaeGYA==
client1,bank,GpPXR4Qd4n98ZH26ojiHQCXjq0aTeiUgF+Bhis9QfktQac7T9V8O/ypXmPZE9cncppZEMHc2MYwa4XISfIqqxNM7gBsyPrPlZwbv67px7oIIBdJIiCZDmlNHESTLOd91TfMACRmvR056Id+UWkRvWIY3wzZeh5ALyF1qy1BUNFJF2eAVkc6FfuM2MTPKyKx72U+WK+A5YZ+7xsSqzW0ZtAtt4FlgKhQg8+PFFmVji/1OmWMYiXxVESxz/PlkazISO8tAp1uYm7ueHXuaJy0hiNCEDNkUc2LEpJ/wrort2nEYsiKSuPG9LiF2zw3RWg/PCJjbeRKzvSjfqt6J2CyFxQ==
bank,client1,EN+I+v1OscTtSiSB91SrGnbPuMEc6VLTqyHMQGkIPRwf1T65WxVtlDvOxSxUQjqCDFzaO8JWZ1Vn0eNDkNoWz8NW3hnNpZVbkZ6ITcIrNJqgvzswQGS4+xLJ4EvwNUQQrZa/fSB/wzYUYlwnmdaPxXS29x649uQpZaYzeCJNDRWpO42/z6NYZt4XP8mHY5WXqmcJ+P0qjcYESU8fsUrW1bYtmHdaqNGF9ECtUizIMK+Qw6HgauQ+dpeV711rnTctPSK7dT1PI4KEPDB//uFcARUUa7WSGCUsMxrwUYJrPkXQ0qlvil7MAjiiPlvkTSz3UuZLaYRPU/6ManTfkGRYBA==
client2,bank,oq8IVgPQTJGyXN4TbgpqrjzwmjyObfshpMe51SND9QCGokfR4F7ZnrwPZyqNkuDk6aenq0Ha2i7aFLVjZDzBjuMM46noCxWpd4RcoLh2LK8e/CvfVO5aNiJ/7C2YEniRAgzq5z4wJu4Bjcl/ZqAPeUZJ5i5gzO07hqVf121ZEwdGoukaZXUGLaQ7Y31d8IPrpN4d1K8FwUnOg4uRHpEbrEnR9NlaFQ+y4H5lLvMJ/BEbDQArV9kl6hX5kQk4dpjScSX0VLTS9YRnf20Z7jfbpFdAbLZCgTJpUTGSuYHi4uQqfBi0lW6zpB7wlKZwhVojixi4F3FIIPTQWblThU0BqQ==
bank,client2,DSqDBkk7z4o/FdMpysaUqIcCMjb+PvtYxXJvJ+GJFr+vP6ut+xM5X6Qs2ZPWEIxPPsUruai4BdOJCHW5IV7CoQCNjGEa/zO0hPZQHtvq3uPhxN1W68z3RJqSOCjzAQbNncy1DVD3GVJTSzPBbT3o7yfc/fERXu7sShXO844+oXAameOTgLoX4C+rDxUG02PUURRjhmNfVT4x43BN7d8hT4YFKdFG5TDUlN670xGpa6K35lTqIoEbcVmuw9P35tdSIdTj0TuhtInQu19jpPf0zNggGBhjGXE5vgTm5zUo/Gq0vpgNstf9U2RoJg0ccuadTd6HAfCXgioMRZeN7goWdw==
client2,bank,ZI34BepSoWH5RCUotM1NOL/0/yoKBoyb5vjO0ayfZ7HZcWChb9erW36CoGMJp+dZVG92pcvVkXRSbqnbH8ln85SIzLiCEfUfUKXkPcTPeCWb+qrYXhsuJOqXB2cqwYRmVBWuzN44IuJNPTWy07+hVm+ts1Ltvc6vBMfq+ILjaQVoRznFeJaYDYp7dHtm0sXjgRvOGxFMikdMm1uNan/mb7e83VrwlUS+EPrCc0YA55IpUoVqpGD44igg7Fqp+mq0PlSuuPD1tFISvrNfzH2z/hpoe0tf+MCcCzw2tD7dGL2SoeODtRSlylhJViLFJ37GXzBQZBxcLrLHidStYKgouA==
bank,client2,Kv7EQIHQphdULyUjOGQ2ifd/xDVu52ZrXqKemG40acxZ9sl+CuVAnnTNfrwHWR8wsP64SmxqqCb6Lyfxw0RZ708S3JGmudo5fhAZhYJHm3jkR1upJhdMHhGwOa98mPSYr5J9TRcKECamJge1Mq5S9GlhJQgDCV4Req6eW5b1QtkH+e7l798UkssFb/2tKMhjJwYrQ+azcRDQmvGm8q6VkETxUdO1o6vWlMxhaMLzXDOYvOU/kVUMChP0ufjmG45zMCKLT0+hXJzQhhfkdIrye/yW3XbV1WfDUr8ePKNRLbBq4a9HwhZKLXoOjXXNZevNN1L3qtyxJOvTzJZx+Oxa/A==
client1,bank,czrdR5kHqNz4kxPYOFdkdDxZxP0l3OI26F+ZCNlTvqCWDqiJHDuxmYgkwVAe1smGIqg3g1zO3VqpE241uKBz1dFSJK2Yn9e6Ye3VcXwBpCeyCH1uXBQepGuiC/a7i4CPvKCqSN5/gPQI5Pf2BrDsVzfDh/HgjceEoXw7jy8V4bGyAs4IFLBBaXXno6wYKbHWEbqQfHpSfT8vK0fDEOY5kHbh7evg3Ln+9i0bchHrpUNnh2zimiiTJl9qD5eXxBwSo8sGad4eQUycBoBqpmDQo6uflwY+1LNILfkgsvYweU0TlC4Mufjb+cVlcUdtbR6uYVzqJucXq2oOizKMetNA2w==
bank,client1,VGopxBL/wqy83j6sCVAC4XT2sKRw9ERQ8kbjBDnxQRVAIehXm8fKW2Vfljay6bfR1qqGYfpmBxErq/pJ7dZEWX7o8OLyzHP2yIBDLMQsoCns1K68voi9c+wvHRVV+Llpdp7c8wZO7uqUd4DOI2w2T9x1MXA9BlL9r9A+RViB16sAq65g5goNdoyLogr6ZC1jMvYu4d0Lg88dkNdMvftZj0aWcrszn2QmclExTDDcP7F+LQxFKPaZkWs7LqbMQ1/KriMhdsQ/4wtw7sW2B+E9qZy02uPOd78dJzXz4b0DCcSE2ew2CM1A6e2x1+prV8q+UVdecstcSsGzw0ZSyA7jKQ==
client1,bank,l6aY5alDcYVa21N0Jq4n58Rs8ASlfR7Q8mzHEHzSlfB5oxYKAbKA+x2LbuARG1s5XMmVlW1A9MrPWuphEyjGA7jRHOKkLaj6z0BvV3JOVpcd60V9zvHrItYzAgHDbdRlzGN8B1yJnx1nXFzcOdI94zZisvHclYIPyBRuN2wRclPCfp6NYBg1BqwaRnwp7FZN800Cy721fHNRKijzuK0hPG9QrgX6AN5qyAU7K+rXQF+4zz1YZi7s36fF45TRMhBjEvPkPRE+4hfl6VNrdxg/QfvgJ30oN78Qoy3d/9OfPxnbrUMVyIoJgk1KUAaKHZVonPFIFvyp2IaYXV6vHSysBQ==
bank,client1,QU8wfdTHGJg8GmbTMrPz4CMTh/24+xn8keMqmy8hlNvctO2nJ/uyRUappYZNSVGiSlLZ27xXx9yiTi3GU3CoqoyLx1fp2eQc3S2bR18o1XnZVzp9oPqL/pI50U1OKQlNg6FBOp0mdLizb6UxscSW7rTt4V2O35BxTdQxZP7btamcRQgVM3P1lOfkM7t07pVeR4hrRYgMbQcVMyKyvqooz3PtN8yKpESy9MxhNZNnSjIL8YZifrhKE0x3ARwwS5/2RCEnZzT1rzARAgvjYnc7IDheVczl20Hdr8jcSPvmhofKwFR1vgm7VlWWRfndAqKOTi0fUr/hklBjCKnLATofpg==
client1,bank,Tx/HJYaCb3fdNWKfMHL7U4eFgb+ELokR0RU9NJGFzlEMmXRi3/97YbxrQ101ooxG5TVCewUe4xullQL29vGh3vIkq6JhHsYazOL1lrkUGqDhZGDbvdgBKPi1n8lOKXNQywMzpPl3iQL0mSMORJuxI5MlWR90K8LUhDcX2a2lGMiy+ZPzzNjpLg/2K7W75X4UR2CrJeMeoKSYOwL8HoGz96ooDu92/tuVCkPgcJFo0qfrOYRshXaY767EVP4CNd6BZdHvwpQ+SpOx5BPslVT3yKXyzbcnSwjYVqsPB+6Hp2I/V7WJKS+8mYqaG/tXnnCFmJdDTjSKNkYn2cgiPOVSuw==
bank,client1,EpaRRMQPRQdRiLxjlWnaO2UIeAT/uum0vzAlFd9XBLD0Cjzzp9I+YR8A3D7v4IietksVFwFzBehhc8k1MPfBjGU/ynjCMQNB/xxgJOQokGOACde1+y1yq/acorCuYv8MCcL7d+w5PjLZ3LD3Ya2n8+hAmSZpkGZmfWPZ5nOg3xVUEOQ25Skvw1fnwMKJZIWXwZhdj9Qg0A5ON9HjXdOkhZx27IP87uRTPRoK2QbG3MuxU4UGPX8vScyQQyojUkMTJBMpQqb2ZZB52t8uAx7O7z9KVwvjEdF36APZX7v7Y9ESNhgItupes7E7t97DkdyowcjRUu721xMom+N3bcXS/A==
client1,bank,BpOkURqKWBBwf9pe8SBYxWsjIETi8BgWWgq/zIcX9L9GzsPycDdXySrqorli+S3T8I8lIz1bX3QTKQ5v8T7/pE/zv8LBZ8VAhSWqHcfF5cbJ8cwPvnP5eGWBGz8dhHfzX6fioazXTf2WUmvQF8qpb/Ic9FJXVGW3k9Cp+mWSVf6pnVO1B1fyK7UyN6xD01JtBV3rw8eyuHe3/PJaZHScEV2ygXRYOJxzIZRIEtaIjiKJiw4PcwdlMwfJahpbsiVcn5TG6Geu/jbccj5QzwPaDNs+TH3CAdiE6zIHetL7QLMAGlnhhxRgswXK6hbdT6F6/aeV0oCl4PTiy5iZ/bpCyw==
bank,client1,bDd/WlPNHZLF/PXVyrs/V7mqcOC+j+r3Q6N3wLoQxMCkbYybLgvbhAKJHdw5eWjcZY1Fuc2z81HkWwB3/nmknbFVbcwLZ4JzlnkSk1An3Ioe57WlG6od+yrhLA6EaitZIAB6R3q1FWG/yAEgsSgLhNcy8LhQcIMlhapGLsxWBOffjd5Q0ks/angOv2+Rf0d1BCEYWZMHEOotpkBWwH5PSp0QERoG2JKrqXWQkls2hsaeTNlR0yblqem9yYJDzzPgJWJyyaKuayKW2Noce023lROG1x/xMUpXR8hIq8w9nfY51DjIVJKC9iOTU0D6C9u71YlT1YldMCFLp4r4GGDZew==
client1,bank,l9R0xuzRWG7basx3aJvsFe793xowvQ6hr/BZdg60t9ZiRj5rYDq4BV/cjZ/uzzca9bGMANMDtWeFrZtCkEiN/lWSAtNebojfI7LrhaKXeboUnji4VMnOr6e+r8Uahz//hqNg0u3F6HSevIVmifgKYQ/0o3AuxasuldJ5TLgFPBiyFQIlkfZmcqZKOTl8Mx3uzKnxxbKRSuC7PKMlSVw/ttjfv4mJW1zCVgNBM2mru5+wxfPIuvx01vE0Vp2X8oM9EEPjlMbHBvYJkduAL9cNraxFWF6zO1zqEAP1WOxAI/Axs2ootD5hUYEQ9G37Y8V0/LU2MBvhYT+KMgHtPDU7eg==
bank,client1,On+Dxkp2QsPGxtK6jI9QxGeLZkCGFDyGQnGlLKSZNhMYahINIR4DQKoeTAQzplFGFUy0F09Exl6uoJ+0XXfqaqpLMBzkLhqNLObil/abnfXp2oiw/2lFCyUU6JQyiqrsRYw1EHsWeXTkjvPKBwq1lXReqfCdHo8WH+VIKwv07UP1tmsHiaRiRa29pdxVyttcCkaSJ+m9lx9lBUYUsd1v/yzIiSSq9VHDOdeb+1XORpjD3QK+1zq2OB+jEVrZnlpql1L1ZVy9Y/A1MSjEM0SsolMWg0GtKiuoHm9pPPJQ0AcA0nJlACiMHDFtEOUFa6D3G5WnHNGfHFNeS/Oa310Cag==
client2,bank,VR4hs/qu+kePlWbAigp3w8di2ZXvp9Ak8SkZC+RrrXBaZsQsRMCeSU47jTQX/bPXDEAsIP83g/tktbnj1Wl1cn3FkX8RMHCVlozpbiWV5Kgxaj10J9dA9TrZkqtq96kpM0gcbHyXrlTj+ARuBrxe1LAnhoj/jrsOo5e2wfPL+30Y6EqsuUMojUik9kEKHpj5l7hwzt8n8osLIzlhU0HD5A5O8jz8lB8Pc2Tf7a13gh/daUo99pqPPwwIl4NWiAKwcC78SQ5xAGRnitUboxHBF1zi/RzSvmOOUV7IWlZ4D11UvJu8gJuxYbeLtU8sqMlt1me8htJPyxMEhwwNotk6fQ==
bank,client2,EmkkuoTBVV/Z6UniRyY9gwGMJh+NiCSsYGty7I11ZgENp6JOVp3ZtYuhKEcmEw6946GDkKWeE7JUF2dS2RqQLpHrRVP6VCqRYLLTUnyiV4VQDvrkq33ajuSYky/HVp5tW1/jhZPlosE/6e4WWYrrrpwAn0dCIBOmydy/0rPymLUHe4GpsCeBoNK8ACAXjKVBsTwcFifRm65lr7DOSF8xsY3+Wh1D7irQhP8WFW6ThBQ/McRdzLaMZgQrI8h8fbLIR1nzpbwo7stvvZPpmVFRDe7av+Lw+gRjV1Yh5TGv5H3sCm5nrdIc66zjOckuMpqD1aZSN5EvVDrB57xOE8iA2A==
client2,bank,YIbOLRG+5Ejci0gyga6T7SxHPZAvWxbZpTYNM1c6QbSkPFMq3AXDA0l6MaEZE65EPlYXx2l7tDqZ9XlmzrQIzNAokYWUwoDJoEA43HZ7Zuc1ZVocEfVX8bR0zMyNci4lGGqfXWVaQZTxlMCE2ZkkFULruyrpUrYb0CymL36AQVI9yPKAUbtlBkPnD4SsEQUwh19ldyajT9l4qTE1t77cnTsWk6/QXm7sA92wy7Q7YlCmrtYyj/poqBimAdLukT9wuvya2yu30HtYOxH8Odm3iTx+fl9j8qCzcHJXohTCSOmqsi84hvGtNa66tFp/PXvlPHcpUwR7PVdgKOjfdvSffg==
bank,client2,LkQoURAIvx/olPi7lPQMU0EY+/pkq3gZnHOt5TsWZVpINY6esqkdt8DI+DGdpqMdLlXhaH8PmfrRzt9edim/Ab0vpX4ecEAVeH0yzqI1AjI1oRJrrKMYS94cUJMRk1DGIOTEJK2k0BGaU3iF3UR/umVVVbx1nglGrV1Hj6D/BzDeDhW7zIpcrb1qMHDcWlel7kQmos4R66ixICREm9+yXtrhpprabWZzKN23s1j7cxwONwUzo6X4jHZsGPL5N/o0guarJS/LtoOwPAM/IqBF7n2rq8kU4MGDTqNF2+UcBOABdFmj6BTRUTy01x7+z/BB7ySqKZWa2NCMzlm+pnesOg==
client2,bank,egdL+3ARl5hePgNog3j61wXp1zds8pZYD+o3JRWmytklJv+yRhsbAJ2qY382cnmwcmcpCel1wauwL7qov8yu0dTV4JFlATkzMKCxuRwpTKUBNjxYJp3MmxIdJeL1im4KtkzxXIiPN70nvRTFK+t0WoXhRdI3ArJOwwpsmt5tjY1QIECb75kb1o3/nixAnLrwVj2UbOCuwJO77070hNvz8D/bZmnzM+GeWkEu0o1T1RBCys6wGyzhQKiRQu/8XVRCtttxBCk1T+TZGyorqY8djaccLMtct1a3erWHd/dtzIVszyiNz5ljS71q4LYBvUQNUwYjzPxvoTsppzoBCcHW1g==
bank,client2,KxzZTD+I8UFqF5NTjftxnElP0bcgGCWtukRtKAZhzYvd8wAa6Vej2EY3FiQG+w5AHqatJ9oG2xMfr+UJs8Q2VskqpMYAzKHePBlzibikeLOraU04/1Guhxv3L8gN9iXrwfFqn6PhQnipkF06z/5izTxS71UubZ2lhbVwQGaVPagxrdyLK9CfYLm8jkMLNk3+wlGtzN8YNlfpy1N98NQzm4ZGaQ5AdXgi+/yjl0yWRv9QCuXr3AVhltte1A6/yD4l147uRfrPYrPcTM+WdMKJcV/oBnpUdU+0E+QSJHLnZ6CUEtcr+ey7WVgCkpi8uO7dS/jFa0aatFcgec//G4r25A==
client2,bank,Mi/Ev8nPyB9T4f9cl95tSgfDQNxUou0YukTQWyWCFGn2KeTDWSNHMZlqwbq1XDwVmGgA29HAwxfV/mRp8BHeStKAK/l6xMQaNEVZLUHyN8LF4zVnMuzLzo8W0Qp6FkSSioqJQyoudrvI99bjwtfQF+0oEa0IJXlA56MFDmnrjj42zy6EuKFC+AAGBhMHx8/0twyVl8c4oUmq00BiwD3pt8wg63S92gtW/pocQpV2XrP1n/nZynbdu+jlvBUGqH1uznjzdoq5uzcDOOEjt/vPRA/4wu1QUHWAps7TlwhbeyfS+FmpBkwg3eAonDKs6WY27KUUDaXmG72KCpRzGQ0e9g==
bank,client2,idgZ5ZCqopN7tz+8tz48SD8Ak3EOPe1Vf/sXM/JR13ccQB2Y8S63hISdfhkiK5J5cHwJ4ctXnnVsORfew9Hd0CdUdlLCpvr/UKpwsZFAgHC7lixsiC7HDi6+rkRvqj30Kze7if1h8VX49DkZQFLB5+5yQK46bwFOX1jYWPV6/u4NuONxwQgt3R2Zcim/AFZi6NVk1b3CeNQy2Z+qeeNfJ2+ejet6CGXfIQb/Ew1fDHzjuzYycODRTEwWcclBIRQr/9Id+xFxO9VWNasoFJTOVracTYPXiI12ik4ljQb/9DhfBXRM0Xm5j5dXEWcfbrSqOgOU04uvN4WMlZAmHxmoIQ==
